-- ORES
INSERT INTO "ProductionItem" ("Id", "Name") VALUES ('f964d413-f85b-4f1a-9f5b-68beb5b50f70', 'Iron Ore');
INSERT INTO "ProductionItem" ("Id", "Name") VALUES ('d0ae0c70-f8e1-4d90-b961-cb934f9ccb74', 'Limestone');
INSERT INTO "ProductionItem" ("Id", "Name") VALUES ('549e7508-18bd-4dc9-8049-df92c18780ef', 'Copper Ore');
INSERT INTO "ProductionItem" ("Id", "Name") VALUES ('f9403bc2-af3f-4ddf-bd46-89e3f32cc7d3', 'Caterium Ore');
INSERT INTO "ProductionItem" ("Id", "Name") VALUES ('38862792-f956-4804-9d7a-46b60fb8d013', 'Coal');
INSERT INTO "ProductionItem" ("Id", "Name") VALUES ('c0d59595-4b03-40ea-a4b1-df06c5b27d5f', 'Raw Quartz');
INSERT INTO "ProductionItem" ("Id", "Name") VALUES ('2ff52414-1041-4d16-b68e-efc253325b9b', 'Sulfur');
INSERT INTO "ProductionItem" ("Id", "Name") VALUES ('25c668ba-3a12-46ec-9008-1d2a6fdee1a8', 'Bauxite');
INSERT INTO "ProductionItem" ("Id", "Name") VALUES ('5510231c-40aa-4541-97f5-d93f9f293c74', 'S.A.M Ore');
INSERT INTO "ProductionItem" ("Id", "Name") VALUES ('61797338-8b77-4a2f-8c67-bc3899b8a214', 'Uranium');

-- INGOTS
INSERT INTO "ProductionItem" ("Id", "Name") VALUES ('2d78437a-8152-4e9b-8df2-9e9b8f3fe91b', 'Iron Ingot');
INSERT INTO "ProductionItem" ("Id", "Name") VALUES ('96d0af82-d8e3-4d57-b2fd-ab2b16a24f17', 'Copper Ingot');
INSERT INTO "ProductionItem" ("Id", "Name") VALUES ('067b5427-8cf8-4b09-aadf-b3ecaf1aa333', 'Caterium Ingot');
INSERT INTO "ProductionItem" ("Id", "Name") VALUES ('c1bc6f2a-5143-4fa9-a0c6-c9905afa98c0', 'Steel Ingot');
INSERT INTO "ProductionItem" ("Id", "Name") VALUES ('5b2ba98e-bfa1-43ea-a211-42fe9977fbe4', 'Aluminum Ingot');

-- MINERALS
INSERT INTO "ProductionItem" ("Id", "Name") VALUES ('e9978ec3-b882-40cf-8e93-a94936e66029', 'Concrete');
INSERT INTO "ProductionItem" ("Id", "Name") VALUES ('7d8858d3-3c54-4e99-9ec7-88961a8f883f', 'Quartz Crystal');
INSERT INTO "ProductionItem" ("Id", "Name") VALUES ('cd229d3e-85da-4a02-b598-08dc76028222', 'Silica');
INSERT INTO "ProductionItem" ("Id", "Name") VALUES ('ba4f6819-9f75-47c0-8504-c9fced1a9100', 'Copper Powder');
INSERT INTO "ProductionItem" ("Id", "Name") VALUES ('11ecce3d-8787-41dc-91ee-f9fb40aca645', 'Polymer Resin');
INSERT INTO "ProductionItem" ("Id", "Name") VALUES ('1ee1a2bb-3539-4075-95ba-9543f879e3c1', 'Petroleum Coke');
INSERT INTO "ProductionItem" ("Id", "Name") VALUES ('70109a5e-14a6-4ce2-8baf-8f3c2e200625', 'Aluminum Scrap');

-- ALIENS
INSERT INTO "ProductionItem" ("Id", "Name") VALUES ('ce2e8bae-0214-481d-92ff-99311083fcbb', 'Alien Protein');
INSERT INTO "ProductionItem" ("Id", "Name") VALUES ('b4430e8a-7807-4fbd-b004-bb5f89275eb2', 'Alien DNA Capsule');

-- LIQUIDS
INSERT INTO "ProductionItem" ("Id", "Name") VALUES ('0d2bbba9-8db0-4cdf-855a-dc1d9bb6bf7b', 'Water');
INSERT INTO "ProductionItem" ("Id", "Name") VALUES ('60cc959c-3782-42ba-ab4b-e3ddaf4da6bd', 'Crude Oil');
INSERT INTO "ProductionItem" ("Id", "Name") VALUES ('03ab8a1b-6e94-406b-b362-31938e984e2d', 'Heavy Oil Residue');
INSERT INTO "ProductionItem" ("Id", "Name") VALUES ('01472eb4-b680-4f08-9e19-8690a9e3aef4', 'Fuel');
INSERT INTO "ProductionItem" ("Id", "Name") VALUES ('03470a09-121e-41bb-9dc5-942201c0b1bc', 'Liquid Biofuel');
INSERT INTO "ProductionItem" ("Id", "Name") VALUES ('dbd362ec-7ba8-49e8-84e9-bf83b871853a', 'Turbofuel');
INSERT INTO "ProductionItem" ("Id", "Name") VALUES ('48bf8676-96cb-40e1-a367-ee6a4d50603f', 'Alumina Solution');
INSERT INTO "ProductionItem" ("Id", "Name") VALUES ('ee513342-5416-42a3-9866-11f2cedf482d', 'Sulfuric Acid');
INSERT INTO "ProductionItem" ("Id", "Name") VALUES ('2af11634-1e00-41bd-9051-86fb018cada4', 'Nitric Acid');

-- GAS
INSERT INTO "ProductionItem" ("Id", "Name") VALUES ('9eb028d9-3081-443c-a404-a23eab84e655', 'Nitrogen Gas');

-- STANDARD PARTS
INSERT INTO "ProductionItem" ("Id", "Name") VALUES ('fa109bdd-840f-49d5-b12b-b2b8ac1b8834', 'Iron Rod');
INSERT INTO "ProductionItem" ("Id", "Name") VALUES ('65276ada-78c9-4bf2-9cbd-7655c75ee9ac', 'Screw');
INSERT INTO "ProductionItem" ("Id", "Name") VALUES ('da97eb3b-6546-44c7-bca5-b40ed84d1125', 'Iron Plate');
INSERT INTO "ProductionItem" ("Id", "Name") VALUES ('30ec735b-10f7-4070-8668-0ce633b78686', 'Reinforced Iron Plate');
INSERT INTO "ProductionItem" ("Id", "Name") VALUES ('ec7d0ffa-3215-4246-8144-ed32683ca927', 'Copper Sheet');
INSERT INTO "ProductionItem" ("Id", "Name") VALUES ('5b555c71-6096-4722-9d4f-1960bf6e75e8', 'Alclad Aluminum Sheet');
INSERT INTO "ProductionItem" ("Id", "Name") VALUES ('86053b5f-692d-4876-810b-b7eb32018a70', 'Alumimum Casing');
INSERT INTO "ProductionItem" ("Id", "Name") VALUES ('be34591f-e6bf-49ac-a9b2-6d56a59422cf', 'Steel Pipe');
INSERT INTO "ProductionItem" ("Id", "Name") VALUES ('ae0a493b-e348-48ee-858f-52fde2dad5a7', 'Steel Beam');
INSERT INTO "ProductionItem" ("Id", "Name") VALUES ('3d9c502e-7825-4dc8-ae31-91b144ffb7fa', 'Encased Industrial Beam');
INSERT INTO "ProductionItem" ("Id", "Name") VALUES ('5ef1b273-a762-439b-aa60-50d9e4339544', 'Modular Frame');
INSERT INTO "ProductionItem" ("Id", "Name") VALUES ('91bc0af9-9330-4243-a733-263a7c491efc', 'Heavy Modular Frame');
INSERT INTO "ProductionItem" ("Id", "Name") VALUES ('780a0ead-b6fe-4c3e-8707-48321e18d43b', 'Fused Modular Frame');
INSERT INTO "ProductionItem" ("Id", "Name") VALUES ('b65bbfe4-c24a-42e1-abbf-3ba5af4eda8e', 'Fabric');
INSERT INTO "ProductionItem" ("Id", "Name") VALUES ('0be9af4f-1e82-4fb5-b31d-35bce21769aa', 'Plastic');
INSERT INTO "ProductionItem" ("Id", "Name") VALUES ('d84628e4-c85e-4c84-a136-32441a40a89e', 'Rubber');

-- INDUSTRIAL PARTS
INSERT INTO "ProductionItem" ("Id", "Name") VALUES ('7c63a989-5db7-4701-a259-e44f8d88803d', 'Rotor');
INSERT INTO "ProductionItem" ("Id", "Name") VALUES ('d7cac322-057a-41af-8ca0-28cb0ad221fc', 'Stator');
INSERT INTO "ProductionItem" ("Id", "Name") VALUES ('e748aba0-b7fb-4ba1-ba98-65f81d2438dd', 'Battery');
INSERT INTO "ProductionItem" ("Id", "Name") VALUES ('710b2676-395d-405b-b235-64fd1e1377d2', 'Motor');
INSERT INTO "ProductionItem" ("Id", "Name") VALUES ('1ab44fe6-657c-4da2-9b2e-97c9d6e8c4ef', 'Heat Sink');
INSERT INTO "ProductionItem" ("Id", "Name") VALUES ('ab3fb3b2-d551-4bb1-9bc3-86624a17d8a9', 'Cooling System');
INSERT INTO "ProductionItem" ("Id", "Name") VALUES ('7256a374-b25b-4e2f-b042-252f5cbb7f09', 'Turbo Motor');

-- ELECTRONICS
INSERT INTO "ProductionItem" ("Id", "Name") VALUES ('2e4298f8-f281-42e8-83c7-183f04c60bdd', 'Wire');
INSERT INTO "ProductionItem" ("Id", "Name") VALUES ('70fecdf3-c0f9-437f-8822-41bf0e9ff435', 'Cable');
INSERT INTO "ProductionItem" ("Id", "Name") VALUES ('0efee9ac-e5c6-477c-a623-d2cc43efe55b', 'Quickwire');
INSERT INTO "ProductionItem" ("Id", "Name") VALUES ('17666ba2-83ae-41f0-b021-bdd1187f9b6c', 'Circuit Board');
INSERT INTO "ProductionItem" ("Id", "Name") VALUES ('d99200f3-b141-4238-be9d-c9ec633fda7b', 'AI Limiter');
INSERT INTO "ProductionItem" ("Id", "Name") VALUES ('0b614cb1-e391-4439-ade3-d21a41b64a07', 'High-Speed Connector');

-- COMMUNICATIONS
INSERT INTO "ProductionItem" ("Id", "Name") VALUES ('5dbe02d2-a6b0-4b05-94d9-8a559d058f85', 'Computer');
INSERT INTO "ProductionItem" ("Id", "Name") VALUES ('6adee73d-3b3e-4e2c-a4f5-34961bf26a74', 'Supercomputer');
INSERT INTO "ProductionItem" ("Id", "Name") VALUES ('199532a6-2184-4e46-87e2-4629d1c9e37d', 'Quantum Computer');
INSERT INTO "ProductionItem" ("Id", "Name") VALUES ('7fe500f8-db06-4107-a039-ce6a8a7b2e68', 'Radio Control Unit');
INSERT INTO "ProductionItem" ("Id", "Name") VALUES ('b0f00547-4ec9-47ec-a905-012809436bc5', 'Crystal Oscillator');
INSERT INTO "ProductionItem" ("Id", "Name") VALUES ('f057f95e-615a-4254-a4d5-c87061e8d5a7', 'Superposition Oscillator');

-- CONTAINERS
INSERT INTO "ProductionItem" ("Id", "Name") VALUES ('15bccf69-9c55-413b-bf99-2858d7653f3f', 'Empty Canister');
INSERT INTO "ProductionItem" ("Id", "Name") VALUES ('2a6977d5-a841-49cb-86f1-e72248515e3c', 'Empty Fluid Tank');
INSERT INTO "ProductionItem" ("Id", "Name") VALUES ('caa19392-f375-4cb2-86cf-d74484cd62e4', 'Pressure Conversion Cube');
INSERT INTO "ProductionItem" ("Id", "Name") VALUES ('5dbcad17-bf69-43d6-ba9e-d489014884a7', 'Packaged Water');
INSERT INTO "ProductionItem" ("Id", "Name") VALUES ('aa368970-b8f3-4aa3-9cc2-a294d44d3015', 'Packaged Alumina Solution');
INSERT INTO "ProductionItem" ("Id", "Name") VALUES ('01ff7f33-1b40-4b49-9f9e-3f54bc58ec61', 'Packaged Sulfuric Acid');
INSERT INTO "ProductionItem" ("Id", "Name") VALUES ('b2ab60bd-710c-4a6b-9202-02e318d707a7', 'Packaged Nitric Acid');
INSERT INTO "ProductionItem" ("Id", "Name") VALUES ('e910fa9a-fec9-4411-8427-b872b01a6bd3', 'Packaged Nitrogen Gas');

-- FUELS
INSERT INTO "ProductionItem" ("Id", "Name") VALUES ('853c2d16-99a5-430b-8ab1-8098884c5dcc', 'Leaves');
INSERT INTO "ProductionItem" ("Id", "Name") VALUES ('2a6c9406-5bdc-46b9-8bbd-0fcf5fee44cb', 'Mycelia');
INSERT INTO "ProductionItem" ("Id", "Name") VALUES ('1614b127-2694-419e-91c5-24f5b01a9c7b', 'Flower Petals');
INSERT INTO "ProductionItem" ("Id", "Name") VALUES ('1c398d2a-bdc8-4196-a8fa-f02bc558193a', 'Wood');
INSERT INTO "ProductionItem" ("Id", "Name") VALUES ('ee5135ef-995f-4a14-bd51-1d5b0b4eaa50', 'Biomass');
INSERT INTO "ProductionItem" ("Id", "Name") VALUES ('2af25498-23e7-44ac-a559-76963785c211', 'Compacted Coal');
INSERT INTO "ProductionItem" ("Id", "Name") VALUES ('f10ec3bc-71b9-4f55-b35b-e53e9710ecf0', 'Packaged Oil');
INSERT INTO "ProductionItem" ("Id", "Name") VALUES ('9bc764d6-dbbf-49b9-b80b-73b0cf2f66f8', 'Packaged Heavy Oil Residue');
INSERT INTO "ProductionItem" ("Id", "Name") VALUES ('3ddc7b64-5a1a-48f1-b4e2-14457ad8bc77', 'Solid Biofuel');
INSERT INTO "ProductionItem" ("Id", "Name") VALUES ('8f1e4160-e248-4141-b91d-873e97b60c99', 'Packaged Fuel');
INSERT INTO "ProductionItem" ("Id", "Name") VALUES ('ed4e5f4a-da1f-4623-a6f3-b9afa44fd51a', 'Packaged Liquid Biofuel');
INSERT INTO "ProductionItem" ("Id", "Name") VALUES ('6c057622-8b83-4798-a8fa-db1b6ba63a6b', 'Packaged Turbofuel');
INSERT INTO "ProductionItem" ("Id", "Name") VALUES ('e0464fff-2408-416d-83d8-791597028293', 'Uranium Fuel Rod');
INSERT INTO "ProductionItem" ("Id", "Name") VALUES ('3b4a9bef-b5cd-43f4-bf28-776210050aa8', 'Plutonium Fuel Rod');

-- CONSUMED
INSERT INTO "ProductionItem" ("Id", "Name") VALUES ('13119de9-ab33-4b98-b880-96ccf6b79aac', 'Black Powder');
INSERT INTO "ProductionItem" ("Id", "Name") VALUES ('8376cafd-be62-481e-9d32-fef079136340', 'Smokeless Powder');
INSERT INTO "ProductionItem" ("Id", "Name") VALUES ('0dd6081c-5008-442a-8742-1c699775ee1b', 'Gas Filter');
INSERT INTO "ProductionItem" ("Id", "Name") VALUES ('aa9ffe7b-1efa-4127-ac31-18b32bd6e329', 'Color Cartridge');
INSERT INTO "ProductionItem" ("Id", "Name") VALUES ('b5cd8cdd-bd30-4802-86c2-1f3b26bbed60', 'Beacon');
INSERT INTO "ProductionItem" ("Id", "Name") VALUES ('4693d2ba-1aec-4f1f-bcfb-58d539c70896', 'Iodine Infused Filter');

-- AMMOS
INSERT INTO "ProductionItem" ("Id", "Name") VALUES ('e9b1ded9-9c36-4933-a30c-d15ad35793f3', 'Iron Rebar');
INSERT INTO "ProductionItem" ("Id", "Name") VALUES ('2222d5ca-2e9a-4878-98e0-0c2fa284dca2', 'Stun Rebar');
INSERT INTO "ProductionItem" ("Id", "Name") VALUES ('a931fe1b-01c6-4f82-b93c-dde9c3de9054', 'Shatter Rebar');
INSERT INTO "ProductionItem" ("Id", "Name") VALUES ('7e244ac8-a73f-4c95-a82f-c62daed108bc', 'Explosive Rebar');
INSERT INTO "ProductionItem" ("Id", "Name") VALUES ('e7587e91-6cc1-4cd1-ae68-83a3e316915b', 'Rifle Ammo');
INSERT INTO "ProductionItem" ("Id", "Name") VALUES ('39e2266e-142f-423a-89ea-7552735090ae', 'Homing Rifle Ammo');
INSERT INTO "ProductionItem" ("Id", "Name") VALUES ('6176fa01-2796-4586-ad80-87d209baa416', 'Turbo Rifle Ammo');
INSERT INTO "ProductionItem" ("Id", "Name") VALUES ('ed397f68-c71c-486f-a116-ba861963e057', 'Nobelisk');
INSERT INTO "ProductionItem" ("Id", "Name") VALUES ('434c653f-9eaa-420b-aa42-0e2a16632777', 'Gas Nobelisk');
INSERT INTO "ProductionItem" ("Id", "Name") VALUES ('9f766096-3c05-4a14-95bb-084712b1a9f5', 'Pulse Nobelisk');
INSERT INTO "ProductionItem" ("Id", "Name") VALUES ('5769d7b4-40ec-482e-856f-91494e60aa54', 'Cluster Nobelisk');
INSERT INTO "ProductionItem" ("Id", "Name") VALUES ('6706b9d3-2285-41a6-b077-a70f2dd369a0', 'Nuke Nobelisk');

-- NUCLEAR
INSERT INTO "ProductionItem" ("Id", "Name") VALUES ('0005c281-6ac8-4c40-b6b0-b40c3cf14853', 'Electromagnetic Control Rod');
INSERT INTO "ProductionItem" ("Id", "Name") VALUES ('7cd4bb4f-17d2-4ebc-bceb-fa3b28c79e3a', 'Encased Uranium Cell');
INSERT INTO "ProductionItem" ("Id", "Name") VALUES ('3067af4a-98ff-4595-9d59-997c80e26c58', 'Non-fissile Uranium');
INSERT INTO "ProductionItem" ("Id", "Name") VALUES ('781ce7e2-5e4d-4b08-8a2c-91299560d2fb', 'Plutonium Pellet');
INSERT INTO "ProductionItem" ("Id", "Name") VALUES ('cf482502-902f-4f7a-b685-a8a8425d8a6a', 'Encased Plutonium Cell');

-- WASTE
INSERT INTO "ProductionItem" ("Id", "Name") VALUES ('7b175c54-6f00-4f33-bd65-5e58a770a05e', 'Uranium Waste');
INSERT INTO "ProductionItem" ("Id", "Name") VALUES ('c2b4a4e7-d743-4263-805a-d53a224cf30b', 'Plutonium Waste');

-- SPECIAL
INSERT INTO "ProductionItem" ("Id", "Name") VALUES ('32cfcf6d-6c14-4097-a155-1558de0c296f', 'Blue Power Slug');
INSERT INTO "ProductionItem" ("Id", "Name") VALUES ('64d0cccc-04ff-4c41-b304-7fad947b16c1', 'Yellow Power Slug');
INSERT INTO "ProductionItem" ("Id", "Name") VALUES ('bc02c9a8-c106-4d8e-9282-6794a8b3e609', 'Purple Power Slug');
INSERT INTO "ProductionItem" ("Id", "Name") VALUES ('01e7ca8c-d539-4e01-8a35-dafce81d2f12', 'Power Shard');
INSERT INTO "ProductionItem" ("Id", "Name") VALUES ('366f6aae-a7fb-42eb-9df7-fdfac954dd75', 'FICSIT Coupon');
INSERT INTO "ProductionItem" ("Id", "Name") VALUES ('b4fcb7e9-ffb7-4ccb-aa23-30f2d6006294', 'Smart Plating');
INSERT INTO "ProductionItem" ("Id", "Name") VALUES ('61b219a2-326e-4036-a4fb-2c89ad7e45e7', 'Versatile Framework');
INSERT INTO "ProductionItem" ("Id", "Name") VALUES ('cab1485d-6922-4a22-ac27-044ecf0899c1', 'Automated Wiring');
INSERT INTO "ProductionItem" ("Id", "Name") VALUES ('634259b1-9d3b-4aca-ac70-0eb7395274f8', 'Module Engine');
INSERT INTO "ProductionItem" ("Id", "Name") VALUES ('4f8c2c29-6ecf-4659-910e-afa9bbe6a828', 'Adaptive Control Unit');
INSERT INTO "ProductionItem" ("Id", "Name") VALUES ('21832e63-97c0-4ee5-88b9-a3cd1cce3be4', 'Assembly Director System');
INSERT INTO "ProductionItem" ("Id", "Name") VALUES ('d9675bd6-9c70-4693-8d31-8c192a59d06a', 'Magnetic Field Generator');
INSERT INTO "ProductionItem" ("Id", "Name") VALUES ('0e80ae7b-0c8e-4eb5-aac3-a99da9036c63', 'Thermal Propulsion Rocket');
INSERT INTO "ProductionItem" ("Id", "Name") VALUES ('88ebb5d6-9b40-46aa-9fe6-d21a125ede14', 'Nuclear Pasta');

-- EXTRACTOR TO PRODUCTION ITEM
-- MINER MK1
INSERT INTO "ExtractorProductionItem" ("Id", "ExtractorType", "ProductionItemId") VALUES ('7ee315b6-2cfc-42db-8605-763af9114768', 0, 'f964d413-f85b-4f1a-9f5b-68beb5b50f70');
INSERT INTO "ExtractorProductionItem" ("Id", "ExtractorType", "ProductionItemId") VALUES ('3480fe86-7b9f-42a0-ac94-e61c769842ed', 0, 'd0ae0c70-f8e1-4d90-b961-cb934f9ccb74');
INSERT INTO "ExtractorProductionItem" ("Id", "ExtractorType", "ProductionItemId") VALUES ('c2158319-5cd8-4a90-901d-b9d77ab97028', 0, '549e7508-18bd-4dc9-8049-df92c18780ef');
INSERT INTO "ExtractorProductionItem" ("Id", "ExtractorType", "ProductionItemId") VALUES ('dabd8b91-0c15-4da9-8cab-5c79643b0903', 0, 'f9403bc2-af3f-4ddf-bd46-89e3f32cc7d3');
INSERT INTO "ExtractorProductionItem" ("Id", "ExtractorType", "ProductionItemId") VALUES ('6840759a-ddcb-4646-a6ff-d02b3810c4f4', 0, '38862792-f956-4804-9d7a-46b60fb8d013');
INSERT INTO "ExtractorProductionItem" ("Id", "ExtractorType", "ProductionItemId") VALUES ('44811f12-9fbe-4ead-9a9a-c4414c3e969c', 0, 'c0d59595-4b03-40ea-a4b1-df06c5b27d5f');
INSERT INTO "ExtractorProductionItem" ("Id", "ExtractorType", "ProductionItemId") VALUES ('f7dca520-b5da-4b6f-97f9-d5da890f2e87', 0, '2ff52414-1041-4d16-b68e-efc253325b9b');
INSERT INTO "ExtractorProductionItem" ("Id", "ExtractorType", "ProductionItemId") VALUES ('8274bf0d-468a-48d0-9f3e-7d8b25c75959', 0, '25c668ba-3a12-46ec-9008-1d2a6fdee1a8');
INSERT INTO "ExtractorProductionItem" ("Id", "ExtractorType", "ProductionItemId") VALUES ('3c4b7052-3c9c-4780-83e0-d0e798bc9e81', 0, '5510231c-40aa-4541-97f5-d93f9f293c74');
INSERT INTO "ExtractorProductionItem" ("Id", "ExtractorType", "ProductionItemId") VALUES ('f9e8b828-ce0d-46da-8a92-a98b6ca6697c', 0, '61797338-8b77-4a2f-8c67-bc3899b8a214');

-- MINER MK2
INSERT INTO "ExtractorProductionItem" ("Id", "ExtractorType", "ProductionItemId") VALUES ('b9ac9a30-46d9-4516-a471-7a1bd213d30d', 1, 'f964d413-f85b-4f1a-9f5b-68beb5b50f70');
INSERT INTO "ExtractorProductionItem" ("Id", "ExtractorType", "ProductionItemId") VALUES ('3048fb0c-0f75-43a0-94d0-8c5af78926c5', 1, 'd0ae0c70-f8e1-4d90-b961-cb934f9ccb74');
INSERT INTO "ExtractorProductionItem" ("Id", "ExtractorType", "ProductionItemId") VALUES ('f0fafc8f-b1d6-4df8-9a7e-9889d361b6a7', 1, '549e7508-18bd-4dc9-8049-df92c18780ef');
INSERT INTO "ExtractorProductionItem" ("Id", "ExtractorType", "ProductionItemId") VALUES ('9905cdfa-3259-4867-9003-131d18759cd0', 1, 'f9403bc2-af3f-4ddf-bd46-89e3f32cc7d3');
INSERT INTO "ExtractorProductionItem" ("Id", "ExtractorType", "ProductionItemId") VALUES ('fce2ed84-d5bc-49ab-9cbe-71057f060b41', 1, '38862792-f956-4804-9d7a-46b60fb8d013');
INSERT INTO "ExtractorProductionItem" ("Id", "ExtractorType", "ProductionItemId") VALUES ('1726f057-2d5e-428e-bb38-4a3a6c1fa862', 1, 'c0d59595-4b03-40ea-a4b1-df06c5b27d5f');
INSERT INTO "ExtractorProductionItem" ("Id", "ExtractorType", "ProductionItemId") VALUES ('be5bf798-9a2d-41bc-88e6-d57a41a0d7e9', 1, '2ff52414-1041-4d16-b68e-efc253325b9b');
INSERT INTO "ExtractorProductionItem" ("Id", "ExtractorType", "ProductionItemId") VALUES ('78e20785-b042-41b0-bf96-c33dfcba2100', 1, '25c668ba-3a12-46ec-9008-1d2a6fdee1a8');
INSERT INTO "ExtractorProductionItem" ("Id", "ExtractorType", "ProductionItemId") VALUES ('1cae17e9-2485-4e12-928f-ab1aa58f346d', 1, '5510231c-40aa-4541-97f5-d93f9f293c74');
INSERT INTO "ExtractorProductionItem" ("Id", "ExtractorType", "ProductionItemId") VALUES ('95c33ad5-20c0-49f5-801e-9abbf590bf4c', 1, '61797338-8b77-4a2f-8c67-bc3899b8a214');

-- MINER MK3
INSERT INTO "ExtractorProductionItem" ("Id", "ExtractorType", "ProductionItemId") VALUES ('df2694a0-c59c-41a3-9806-575720ad8552', 2, 'f964d413-f85b-4f1a-9f5b-68beb5b50f70');
INSERT INTO "ExtractorProductionItem" ("Id", "ExtractorType", "ProductionItemId") VALUES ('6e2b9331-4f5e-4571-8b3a-6016f4a6351d', 2, 'd0ae0c70-f8e1-4d90-b961-cb934f9ccb74');
INSERT INTO "ExtractorProductionItem" ("Id", "ExtractorType", "ProductionItemId") VALUES ('a0e67352-6ec3-45a7-8ae9-d71c16af844c', 2, '549e7508-18bd-4dc9-8049-df92c18780ef');
INSERT INTO "ExtractorProductionItem" ("Id", "ExtractorType", "ProductionItemId") VALUES ('b499ea68-1fc1-4d8b-bd31-d8aeb79fc66b', 2, 'f9403bc2-af3f-4ddf-bd46-89e3f32cc7d3');
INSERT INTO "ExtractorProductionItem" ("Id", "ExtractorType", "ProductionItemId") VALUES ('bdf83921-8151-4a79-9b09-3000d6fc5701', 2, '38862792-f956-4804-9d7a-46b60fb8d013');
INSERT INTO "ExtractorProductionItem" ("Id", "ExtractorType", "ProductionItemId") VALUES ('81738cd1-e75c-4256-b6a2-a9d4d3a984ec', 2, 'c0d59595-4b03-40ea-a4b1-df06c5b27d5f');
INSERT INTO "ExtractorProductionItem" ("Id", "ExtractorType", "ProductionItemId") VALUES ('e0532661-5f3a-41bb-af9b-a57318002cbc', 2, '2ff52414-1041-4d16-b68e-efc253325b9b');
INSERT INTO "ExtractorProductionItem" ("Id", "ExtractorType", "ProductionItemId") VALUES ('8da4663a-2cc1-478b-b189-752a5439dbad', 2, '25c668ba-3a12-46ec-9008-1d2a6fdee1a8');
INSERT INTO "ExtractorProductionItem" ("Id", "ExtractorType", "ProductionItemId") VALUES ('9044ff81-32d9-47a8-a930-031ba8b6a2eb', 2, '5510231c-40aa-4541-97f5-d93f9f293c74');
INSERT INTO "ExtractorProductionItem" ("Id", "ExtractorType", "ProductionItemId") VALUES ('fae2133a-6edb-4c7d-9f20-586bf1a1b471', 2, '61797338-8b77-4a2f-8c67-bc3899b8a214');

-- OIL EXTRACTOR
INSERT INTO "ExtractorProductionItem" ("Id", "ExtractorType", "ProductionItemId") VALUES ('6043a8ef-562b-4995-a7f5-6b6bcdde2565', 3, '60cc959c-3782-42ba-ab4b-e3ddaf4da6bd');

-- WATER EXTRACTOR
INSERT INTO "ExtractorProductionItem" ("Id", "ExtractorType", "ProductionItemId") VALUES ('a47c7eb9-cd04-4304-b0c5-4b9ea7226ad9', 4, '0d2bbba9-8db0-4cdf-855a-dc1d9bb6bf7b');

-- RESOURCE WELL EXTRACTOR
INSERT INTO "ExtractorProductionItem" ("Id", "ExtractorType", "ProductionItemId") VALUES ('87545587-5e70-4e6b-b63b-8a6ee33a8ec7', 6, '9eb028d9-3081-443c-a404-a23eab84e655');
INSERT INTO "ExtractorProductionItem" ("Id", "ExtractorType", "ProductionItemId") VALUES ('9f525c59-28aa-43c0-9ab2-13cec40f860b', 6, '0d2bbba9-8db0-4cdf-855a-dc1d9bb6bf7b');
INSERT INTO "ExtractorProductionItem" ("Id", "ExtractorType", "ProductionItemId") VALUES ('b7d3c724-6e1e-43fd-825c-81f0d008f0fd', 6, '60cc959c-3782-42ba-ab4b-e3ddaf4da6bd');

-- INGOT RECIPES
INSERT INTO "Recipe" ("Id", "Name", "MadeIn") VALUES ('7404c03c-72ba-4be7-8315-0f3265718841', 'Iron Ingot', 1);
INSERT INTO "RecipeIngredient" ("Id", "RecipeId", "ProductionItemId", "RequiredPerMinute") VALUES ('8b54a706-78d7-4dfb-8968-c872a29f4f27', '7404c03c-72ba-4be7-8315-0f3265718841', 'f964d413-f85b-4f1a-9f5b-68beb5b50f70', 30);
INSERT INTO "RecipeResult" ("Id", "RecipeId", "ProductionItemId", "ProducedPerMinute") VALUES ('bac20d9b-cff7-4f5e-b741-8ebe649d0a05', '7404c03c-72ba-4be7-8315-0f3265718841', '2d78437a-8152-4e9b-8df2-9e9b8f3fe91b', 30);

INSERT INTO "Recipe" ("Id", "Name", "MadeIn") VALUES ('1ff7cd68-07aa-49ce-a664-9a5492e59a8a', 'Copper Ingot', 1);
INSERT INTO "RecipeIngredient" ("Id", "RecipeId", "ProductionItemId", "RequiredPerMinute") VALUES ('c9d896d0-04ab-43f2-bda6-19b6ae990a4b', '1ff7cd68-07aa-49ce-a664-9a5492e59a8a', '549e7508-18bd-4dc9-8049-df92c18780ef', 30);
INSERT INTO "RecipeResult" ("Id", "RecipeId", "ProductionItemId", "ProducedPerMinute") VALUES ('48f9c75d-c534-44bd-9d0c-b2b91ff49d3a', '1ff7cd68-07aa-49ce-a664-9a5492e59a8a', '96d0af82-d8e3-4d57-b2fd-ab2b16a24f17', 30);

INSERT INTO "Recipe" ("Id", "Name", "MadeIn") VALUES ('a256b109-8014-4ea5-b38c-d7d595db52e7', 'Caterium Ingot', 1);
INSERT INTO "RecipeIngredient" ("Id", "RecipeId", "ProductionItemId", "RequiredPerMinute") VALUES ('76be47be-6771-4463-89c8-86fb1826524a', 'a256b109-8014-4ea5-b38c-d7d595db52e7', 'f9403bc2-af3f-4ddf-bd46-89e3f32cc7d3', 30);
INSERT INTO "RecipeResult" ("Id", "RecipeId", "ProductionItemId", "ProducedPerMinute") VALUES ('0b7d6f02-93df-4530-a274-89dd785a5b29', 'a256b109-8014-4ea5-b38c-d7d595db52e7', '067b5427-8cf8-4b09-aadf-b3ecaf1aa333', 30);

INSERT INTO "Recipe" ("Id", "Name", "MadeIn") VALUES ('aed1698b-2ed1-4ff2-9a9b-21b74f05010a', 'Steel Ingot', 2);
INSERT INTO "RecipeIngredient" ("Id", "RecipeId", "ProductionItemId", "RequiredPerMinute") VALUES ('bf3edc34-3b55-45d2-b5ed-d9191ddac850', 'aed1698b-2ed1-4ff2-9a9b-21b74f05010a', 'f964d413-f85b-4f1a-9f5b-68beb5b50f70', 45);
INSERT INTO "RecipeIngredient" ("Id", "RecipeId", "ProductionItemId", "RequiredPerMinute") VALUES ('ba08642e-b6e2-4e87-9b44-e10836420d48', 'aed1698b-2ed1-4ff2-9a9b-21b74f05010a', '38862792-f956-4804-9d7a-46b60fb8d013', 45);
INSERT INTO "RecipeResult" ("Id", "RecipeId", "ProductionItemId", "ProducedPerMinute") VALUES ('e3a22e44-a69c-40d2-8637-c7881df2865d', 'aed1698b-2ed1-4ff2-9a9b-21b74f05010a', 'c1bc6f2a-5143-4fa9-a0c6-c9905afa98c0', 45);

INSERT INTO "Recipe" ("Id", "Name", "MadeIn") VALUES ('1d8cd144-79f1-4dd1-8fbd-d88433a1e559', 'Aluminum Ingot', 2);
INSERT INTO "RecipeIngredient" ("Id", "RecipeId", "ProductionItemId", "RequiredPerMinute") VALUES ('2a5ee77c-ee15-4d79-b3b9-07940629e506', '1d8cd144-79f1-4dd1-8fbd-d88433a1e559', '70109a5e-14a6-4ce2-8baf-8f3c2e200625', 90);
INSERT INTO "RecipeIngredient" ("Id", "RecipeId", "ProductionItemId", "RequiredPerMinute") VALUES ('13637c03-b30d-47ed-859e-56e1d70af0f2', '1d8cd144-79f1-4dd1-8fbd-d88433a1e559', 'cd229d3e-85da-4a02-b598-08dc76028222', 75);
INSERT INTO "RecipeResult" ("Id", "RecipeId", "ProductionItemId", "ProducedPerMinute") VALUES ('fc24d643-69dc-484f-9b25-539c47989532', '1d8cd144-79f1-4dd1-8fbd-d88433a1e559', '5b2ba98e-bfa1-43ea-a211-42fe9977fbe4', 60);

-- MINERAL RECIPES
INSERT INTO "Recipe" ("Id", "Name", "MadeIn") VALUES ('52dabbcf-1452-4e97-b514-e75b4580edf9', 'Concrete', 3);
INSERT INTO "RecipeIngredient" ("Id", "RecipeId", "ProductionItemId", "RequiredPerMinute") VALUES ('348a211d-5d96-482a-a3b1-5ae6eae8c454', '52dabbcf-1452-4e97-b514-e75b4580edf9', 'd0ae0c70-f8e1-4d90-b961-cb934f9ccb74', 45);
INSERT INTO "RecipeResult" ("Id", "RecipeId", "ProductionItemId", "ProducedPerMinute") VALUES ('c32600b8-4ec3-43a9-b147-11f460b8b9c1', '52dabbcf-1452-4e97-b514-e75b4580edf9', 'e9978ec3-b882-40cf-8e93-a94936e66029', 15);

INSERT INTO "Recipe" ("Id", "Name", "MadeIn") VALUES ('73e96722-1870-44ef-b811-6a5d36acd00c', 'Quartz Crystal', 3);
INSERT INTO "RecipeIngredient" ("Id", "RecipeId", "ProductionItemId", "RequiredPerMinute") VALUES ('01e1bec7-8d64-4cd1-963c-6b9da9efb0d0', '73e96722-1870-44ef-b811-6a5d36acd00c', 'c0d59595-4b03-40ea-a4b1-df06c5b27d5f', 37.5);
INSERT INTO "RecipeResult" ("Id", "RecipeId", "ProductionItemId", "ProducedPerMinute") VALUES ('2b62373f-19d5-4430-bd43-2a7b27a3268a', '73e96722-1870-44ef-b811-6a5d36acd00c', '7d8858d3-3c54-4e99-9ec7-88961a8f883f', 22.5);

INSERT INTO "Recipe" ("Id", "Name", "MadeIn") VALUES ('03192e0f-a805-441e-bc1b-fd20c694f457', 'Silica', 3);
INSERT INTO "RecipeIngredient" ("Id", "RecipeId", "ProductionItemId", "RequiredPerMinute") VALUES ('88e2ae3a-ab7e-40f5-a8e6-d3729d6e3245', '03192e0f-a805-441e-bc1b-fd20c694f457', 'c0d59595-4b03-40ea-a4b1-df06c5b27d5f', 22.5);
INSERT INTO "RecipeResult" ("Id", "RecipeId", "ProductionItemId", "ProducedPerMinute") VALUES ('e04e2e0f-8068-4ab0-8410-0091f7f91b26', '03192e0f-a805-441e-bc1b-fd20c694f457', 'cd229d3e-85da-4a02-b598-08dc76028222', 37.5);

INSERT INTO "Recipe" ("Id", "Name", "MadeIn") VALUES ('dc0b12f6-9c37-4413-9fd3-8611b9daaa09', 'Copper Powder', 3);
INSERT INTO "RecipeIngredient" ("Id", "RecipeId", "ProductionItemId", "RequiredPerMinute") VALUES ('adb550c2-b2ed-4e83-b02c-9a264604d08e', 'dc0b12f6-9c37-4413-9fd3-8611b9daaa09', '96d0af82-d8e3-4d57-b2fd-ab2b16a24f17', 300);
INSERT INTO "RecipeResult" ("Id", "RecipeId", "ProductionItemId", "ProducedPerMinute") VALUES ('078ce32b-da31-486a-aaab-b613d9a32bc0', 'dc0b12f6-9c37-4413-9fd3-8611b9daaa09', 'ba4f6819-9f75-47c0-8504-c9fced1a9100', 50);

INSERT INTO "Recipe" ("Id", "Name", "MadeIn") VALUES ('d72f748d-6e2d-4ff2-9f56-0a0dc83fad7a', 'Petroleum Coke', 6);
INSERT INTO "RecipeIngredient" ("Id", "RecipeId", "ProductionItemId", "RequiredPerMinute") VALUES ('903de386-5ad3-4ee9-aa76-918fe7923d3e', 'd72f748d-6e2d-4ff2-9f56-0a0dc83fad7a', '03ab8a1b-6e94-406b-b362-31938e984e2d', 40);
INSERT INTO "RecipeResult" ("Id", "RecipeId", "ProductionItemId", "ProducedPerMinute") VALUES ('4ca0ceff-2523-404b-93fd-d1c794a98517', 'd72f748d-6e2d-4ff2-9f56-0a0dc83fad7a', '1ee1a2bb-3539-4075-95ba-9543f879e3c1', 120);

INSERT INTO "Recipe" ("Id", "Name", "MadeIn") VALUES ('a53f8b42-4904-4fff-9fda-f6a36995c3eb', 'Aluminum Scrap', 6);
INSERT INTO "RecipeIngredient" ("Id", "RecipeId", "ProductionItemId", "RequiredPerMinute") VALUES ('f630f984-e21a-4dae-93f4-1aa7e98d1b01', 'a53f8b42-4904-4fff-9fda-f6a36995c3eb', '48bf8676-96cb-40e1-a367-ee6a4d50603f', 240);
INSERT INTO "RecipeIngredient" ("Id", "RecipeId", "ProductionItemId", "RequiredPerMinute") VALUES ('3127885b-bbe9-4c1b-a3d1-c9c5c009d3cc', 'a53f8b42-4904-4fff-9fda-f6a36995c3eb', '38862792-f956-4804-9d7a-46b60fb8d013', 120);
INSERT INTO "RecipeResult" ("Id", "RecipeId", "ProductionItemId", "ProducedPerMinute") VALUES ('bb8a1bda-aa9a-42cb-b011-7bd57f6078b9', 'a53f8b42-4904-4fff-9fda-f6a36995c3eb', '70109a5e-14a6-4ce2-8baf-8f3c2e200625', 360);
INSERT INTO "RecipeResult" ("Id", "RecipeId", "ProductionItemId", "ProducedPerMinute") VALUES ('0fc0a87d-1af6-4627-82cc-1b034de75f84', 'a53f8b42-4904-4fff-9fda-f6a36995c3eb', '0d2bbba9-8db0-4cdf-855a-dc1d9bb6bf7b', 120);

-- LIQUID RECIPES
INSERT INTO "Recipe" ("Id", "Name", "MadeIn") VALUES ('9c2a7dfd-d542-4131-9d84-6974b944d91b', 'Fuel', 6);
INSERT INTO "RecipeIngredient" ("Id", "RecipeId", "ProductionItemId", "RequiredPerMinute") VALUES ('16de88bb-2a17-4c78-8bbc-caebaa3f3cad', '9c2a7dfd-d542-4131-9d84-6974b944d91b', '60cc959c-3782-42ba-ab4b-e3ddaf4da6bd', 60);
INSERT INTO "RecipeResult" ("Id", "RecipeId", "ProductionItemId", "ProducedPerMinute") VALUES ('19f81ca5-84d0-4c50-826b-9a4c1f9dde02', '9c2a7dfd-d542-4131-9d84-6974b944d91b', '01472eb4-b680-4f08-9e19-8690a9e3aef4', 40);
INSERT INTO "RecipeResult" ("Id", "RecipeId", "ProductionItemId", "ProducedPerMinute") VALUES ('676b1874-0e58-4b49-afca-d1ca4687b581', '9c2a7dfd-d542-4131-9d84-6974b944d91b', '11ecce3d-8787-41dc-91ee-f9fb40aca645', 30);

INSERT INTO "Recipe" ("Id", "Name", "MadeIn") VALUES ('d840a9cc-b997-45b8-a0d7-ab28d979ce07', 'Alumina Solution', 6);
INSERT INTO "RecipeIngredient" ("Id", "RecipeId", "ProductionItemId", "RequiredPerMinute") VALUES ('1a5d7c6f-50b5-4ed7-994f-eab1ecf230b6', 'd840a9cc-b997-45b8-a0d7-ab28d979ce07', '25c668ba-3a12-46ec-9008-1d2a6fdee1a8', 120);
INSERT INTO "RecipeIngredient" ("Id", "RecipeId", "ProductionItemId", "RequiredPerMinute") VALUES ('cbcd946f-0dcb-42cb-970b-b33ce2048c0c', 'd840a9cc-b997-45b8-a0d7-ab28d979ce07', '0d2bbba9-8db0-4cdf-855a-dc1d9bb6bf7b', 180);
INSERT INTO "RecipeResult" ("Id", "RecipeId", "ProductionItemId", "ProducedPerMinute") VALUES ('44d1b451-94b9-4600-98da-4a7bc6baeb83', 'd840a9cc-b997-45b8-a0d7-ab28d979ce07', '48bf8676-96cb-40e1-a367-ee6a4d50603f', 120);
INSERT INTO "RecipeResult" ("Id", "RecipeId", "ProductionItemId", "ProducedPerMinute") VALUES ('b07c767c-7b0b-4506-a9ee-6d73c4996918', 'd840a9cc-b997-45b8-a0d7-ab28d979ce07', 'cd229d3e-85da-4a02-b598-08dc76028222', 50);



-- RECIPES
INSERT INTO "Recipe" ("Id", "Name", "MadeIn") VALUES ('1cb72062-3fcd-4041-b96a-089831318c13', 'Iron Plate', 3);
INSERT INTO "RecipeIngredient" ("Id", "RecipeId", "ProductionItemId", "RequiredPerMinute") VALUES ('3107df20-17b3-499d-9ec6-e72c0f1af21b', '1cb72062-3fcd-4041-b96a-089831318c13', '2d78437a-8152-4e9b-8df2-9e9b8f3fe91b', 30);
INSERT INTO "RecipeResult" ("Id", "RecipeId", "ProductionItemId", "ProducedPerMinute") VALUES ('2e789259-2116-4cab-87e0-ea3c1d085ec9', '1cb72062-3fcd-4041-b96a-089831318c13', 'da97eb3b-6546-44c7-bca5-b40ed84d1125', 20);

INSERT INTO "Recipe" ("Id", "Name", "MadeIn") VALUES ('e5338649-cd67-417d-818c-c15c9b4b434f', 'Iron Rod', 3);
INSERT INTO "RecipeIngredient" ("Id", "RecipeId", "ProductionItemId", "RequiredPerMinute") VALUES ('81b6d1c0-2136-420d-b9cf-a59e728f05fe', 'e5338649-cd67-417d-818c-c15c9b4b434f', '2d78437a-8152-4e9b-8df2-9e9b8f3fe91b', 15);
INSERT INTO "RecipeResult" ("Id", "RecipeId", "ProductionItemId", "ProducedPerMinute") VALUES ('6ff36901-e82b-464b-9c99-f7491c67c44c', 'e5338649-cd67-417d-818c-c15c9b4b434f', 'fa109bdd-840f-49d5-b12b-b2b8ac1b8834', 15);

INSERT INTO "Recipe" ("Id", "Name", "MadeIn") VALUES ('9961e533-16bd-42bf-9044-165167a85115', 'Screw', 3);
INSERT INTO "RecipeIngredient" ("Id", "RecipeId", "ProductionItemId", "RequiredPerMinute") VALUES ('49b12ba1-b5fa-4bd1-9704-d42023cecfcb', '9961e533-16bd-42bf-9044-165167a85115', 'fa109bdd-840f-49d5-b12b-b2b8ac1b8834', 10);
INSERT INTO "RecipeResult" ("Id", "RecipeId", "ProductionItemId", "ProducedPerMinute") VALUES ('1ea1d220-1769-4a0a-b701-593094d01b6b', '9961e533-16bd-42bf-9044-165167a85115', '65276ada-78c9-4bf2-9cbd-7655c75ee9ac', 40);

INSERT INTO "Recipe" ("Id", "Name", "MadeIn") VALUES ('f7561201-5d4e-4443-af3b-795b67f0b775', 'Reinforced Iron Plate', 4);
INSERT INTO "RecipeIngredient" ("Id", "RecipeId", "ProductionItemId", "RequiredPerMinute") VALUES ('c254668d-a569-4564-b67f-53a23f059381', 'f7561201-5d4e-4443-af3b-795b67f0b775', '65276ada-78c9-4bf2-9cbd-7655c75ee9ac', 60);
INSERT INTO "RecipeIngredient" ("Id", "RecipeId", "ProductionItemId", "RequiredPerMinute") VALUES ('2d631663-3124-4723-8d50-b7878353a6e0', 'f7561201-5d4e-4443-af3b-795b67f0b775', 'da97eb3b-6546-44c7-bca5-b40ed84d1125', 30);
INSERT INTO "RecipeResult" ("Id", "RecipeId", "ProductionItemId", "ProducedPerMinute") VALUES ('80539898-9f5a-4121-8331-1df8520def36', 'f7561201-5d4e-4443-af3b-795b67f0b775', '30ec735b-10f7-4070-8668-0ce633b78686', 5);