-- ORES
INSERT INTO "ProductionItem" ("Id", "Name") VALUES ('f964d413-f85b-4f1a-9f5b-68beb5b50f70', 'Iron Ore');
INSERT INTO "ProductionItem" ("Id", "Name") VALUES ('d0ae0c70-f8e1-4d90-b961-cb934f9ccb74', 'Limestone');
INSERT INTO "ProductionItem" ("Id", "Name") VALUES ('549e7508-18bd-4dc9-8049-df92c18780ef', 'Copper Ore');
INSERT INTO "ProductionItem" ("Id", "Name") VALUES ('f9403bc2-af3f-4ddf-bd46-89e3f32cc7d3', 'Caterium Ore');
INSERT INTO "ProductionItem" ("Id", "Name") VALUES ('38862792-f956-4804-9d7a-46b60fb8d013', 'Coal');
INSERT INTO "ProductionItem" ("Id", "Name") VALUES ('c0d59595-4b03-40ea-a4b1-df06c5b27d5f', 'Raw Quartz');
INSERT INTO "ProductionItem" ("Id", "Name") VALUES ('2ff52414-1041-4d16-b68e-efc253325b9b', 'Sulfur');
INSERT INTO "ProductionItem" ("Id", "Name") VALUES ('25c668ba-3a12-46ec-9008-1d2a6fdee1a8', 'Bauxite');
INSERT INTO "ProductionItem" ("Id", "Name") VALUES ('5510231c-40aa-4541-97f5-d93f9f293c74', 'S.A.M Ore');
INSERT INTO "ProductionItem" ("Id", "Name") VALUES ('61797338-8b77-4a2f-8c67-bc3899b8a214', 'Uranium');

-- INGOTS
INSERT INTO "ProductionItem" ("Id", "Name") VALUES ('2d78437a-8152-4e9b-8df2-9e9b8f3fe91b', 'Iron Ingot');
INSERT INTO "ProductionItem" ("Id", "Name") VALUES ('96d0af82-d8e3-4d57-b2fd-ab2b16a24f17', 'Copper Ingot');
INSERT INTO "ProductionItem" ("Id", "Name") VALUES ('067b5427-8cf8-4b09-aadf-b3ecaf1aa333', 'Caterium Ingot');
INSERT INTO "ProductionItem" ("Id", "Name") VALUES ('c1bc6f2a-5143-4fa9-a0c6-c9905afa98c0', 'Steel Ingot');
INSERT INTO "ProductionItem" ("Id", "Name") VALUES ('5b2ba98e-bfa1-43ea-a211-42fe9977fbe4', 'Aluminum Ingot');

-- MINERALS
INSERT INTO "ProductionItem" ("Id", "Name") VALUES ('e9978ec3-b882-40cf-8e93-a94936e66029', 'Concrete');
INSERT INTO "ProductionItem" ("Id", "Name") VALUES ('7d8858d3-3c54-4e99-9ec7-88961a8f883f', 'Quartz Crystal');
INSERT INTO "ProductionItem" ("Id", "Name") VALUES ('cd229d3e-85da-4a02-b598-08dc76028222', 'Silica');
INSERT INTO "ProductionItem" ("Id", "Name") VALUES ('ba4f6819-9f75-47c0-8504-c9fced1a9100', 'Copper Powder');
INSERT INTO "ProductionItem" ("Id", "Name") VALUES ('11ecce3d-8787-41dc-91ee-f9fb40aca645', 'Polymer Resin');
INSERT INTO "ProductionItem" ("Id", "Name") VALUES ('1ee1a2bb-3539-4075-95ba-9543f879e3c1', 'Petroleum Coke');
INSERT INTO "ProductionItem" ("Id", "Name") VALUES ('70109a5e-14a6-4ce2-8baf-8f3c2e200625', 'Aluminum Scrap');

-- ALIENS
INSERT INTO "ProductionItem" ("Id", "Name") VALUES ('ce2e8bae-0214-481d-92ff-99311083fcbb', 'Alien Protein');
INSERT INTO "ProductionItem" ("Id", "Name") VALUES ('b4430e8a-7807-4fbd-b004-bb5f89275eb2', 'Alien DNA Capsule');

-- LIQUIDS
INSERT INTO "ProductionItem" ("Id", "Name") VALUES ('0d2bbba9-8db0-4cdf-855a-dc1d9bb6bf7b', 'Water');
INSERT INTO "ProductionItem" ("Id", "Name") VALUES ('60cc959c-3782-42ba-ab4b-e3ddaf4da6bd', 'Crude Oil');
INSERT INTO "ProductionItem" ("Id", "Name") VALUES ('03ab8a1b-6e94-406b-b362-31938e984e2d', 'Heavy Oil Residue');
INSERT INTO "ProductionItem" ("Id", "Name") VALUES ('01472eb4-b680-4f08-9e19-8690a9e3aef4', 'Fuel');
INSERT INTO "ProductionItem" ("Id", "Name") VALUES ('03470a09-121e-41bb-9dc5-942201c0b1bc', 'Liquid Biofuel');
INSERT INTO "ProductionItem" ("Id", "Name") VALUES ('dbd362ec-7ba8-49e8-84e9-bf83b871853a', 'Turbofuel');
INSERT INTO "ProductionItem" ("Id", "Name") VALUES ('48bf8676-96cb-40e1-a367-ee6a4d50603f', 'Alumina Solution');
INSERT INTO "ProductionItem" ("Id", "Name") VALUES ('ee513342-5416-42a3-9866-11f2cedf482d', 'Sulfuric Acid');
INSERT INTO "ProductionItem" ("Id", "Name") VALUES ('2af11634-1e00-41bd-9051-86fb018cada4', 'Nitric Acid');

-- GAS
INSERT INTO "ProductionItem" ("Id", "Name") VALUES ('9eb028d9-3081-443c-a404-a23eab84e655', 'Nitrogen Gas');

-- STANDARD PARTS
INSERT INTO "ProductionItem" ("Id", "Name") VALUES ('fa109bdd-840f-49d5-b12b-b2b8ac1b8834', 'Iron Rod');
INSERT INTO "ProductionItem" ("Id", "Name") VALUES ('65276ada-78c9-4bf2-9cbd-7655c75ee9ac', 'Screw');
INSERT INTO "ProductionItem" ("Id", "Name") VALUES ('da97eb3b-6546-44c7-bca5-b40ed84d1125', 'Iron Plate');
INSERT INTO "ProductionItem" ("Id", "Name") VALUES ('30ec735b-10f7-4070-8668-0ce633b78686', 'Reinforced Iron Plate');
INSERT INTO "ProductionItem" ("Id", "Name") VALUES ('ec7d0ffa-3215-4246-8144-ed32683ca927', 'Copper Sheet');
INSERT INTO "ProductionItem" ("Id", "Name") VALUES ('5b555c71-6096-4722-9d4f-1960bf6e75e8', 'Alclad Aluminum Sheet');
INSERT INTO "ProductionItem" ("Id", "Name") VALUES ('86053b5f-692d-4876-810b-b7eb32018a70', 'Aluminum Casing');
INSERT INTO "ProductionItem" ("Id", "Name") VALUES ('be34591f-e6bf-49ac-a9b2-6d56a59422cf', 'Steel Pipe');
INSERT INTO "ProductionItem" ("Id", "Name") VALUES ('ae0a493b-e348-48ee-858f-52fde2dad5a7', 'Steel Beam');
INSERT INTO "ProductionItem" ("Id", "Name") VALUES ('3d9c502e-7825-4dc8-ae31-91b144ffb7fa', 'Encased Industrial Beam');
INSERT INTO "ProductionItem" ("Id", "Name") VALUES ('5ef1b273-a762-439b-aa60-50d9e4339544', 'Modular Frame');
INSERT INTO "ProductionItem" ("Id", "Name") VALUES ('91bc0af9-9330-4243-a733-263a7c491efc', 'Heavy Modular Frame');
INSERT INTO "ProductionItem" ("Id", "Name") VALUES ('780a0ead-b6fe-4c3e-8707-48321e18d43b', 'Fused Modular Frame');
INSERT INTO "ProductionItem" ("Id", "Name") VALUES ('b65bbfe4-c24a-42e1-abbf-3ba5af4eda8e', 'Fabric');
INSERT INTO "ProductionItem" ("Id", "Name") VALUES ('0be9af4f-1e82-4fb5-b31d-35bce21769aa', 'Plastic');
INSERT INTO "ProductionItem" ("Id", "Name") VALUES ('d84628e4-c85e-4c84-a136-32441a40a89e', 'Rubber');

-- INDUSTRIAL PARTS
INSERT INTO "ProductionItem" ("Id", "Name") VALUES ('7c63a989-5db7-4701-a259-e44f8d88803d', 'Rotor');
INSERT INTO "ProductionItem" ("Id", "Name") VALUES ('d7cac322-057a-41af-8ca0-28cb0ad221fc', 'Stator');
INSERT INTO "ProductionItem" ("Id", "Name") VALUES ('e748aba0-b7fb-4ba1-ba98-65f81d2438dd', 'Battery');
INSERT INTO "ProductionItem" ("Id", "Name") VALUES ('710b2676-395d-405b-b235-64fd1e1377d2', 'Motor');
INSERT INTO "ProductionItem" ("Id", "Name") VALUES ('1ab44fe6-657c-4da2-9b2e-97c9d6e8c4ef', 'Heat Sink');
INSERT INTO "ProductionItem" ("Id", "Name") VALUES ('ab3fb3b2-d551-4bb1-9bc3-86624a17d8a9', 'Cooling System');
INSERT INTO "ProductionItem" ("Id", "Name") VALUES ('7256a374-b25b-4e2f-b042-252f5cbb7f09', 'Turbo Motor');

-- ELECTRONICS
INSERT INTO "ProductionItem" ("Id", "Name") VALUES ('2e4298f8-f281-42e8-83c7-183f04c60bdd', 'Wire');
INSERT INTO "ProductionItem" ("Id", "Name") VALUES ('70fecdf3-c0f9-437f-8822-41bf0e9ff435', 'Cable');
INSERT INTO "ProductionItem" ("Id", "Name") VALUES ('0efee9ac-e5c6-477c-a623-d2cc43efe55b', 'Quickwire');
INSERT INTO "ProductionItem" ("Id", "Name") VALUES ('17666ba2-83ae-41f0-b021-bdd1187f9b6c', 'Circuit Board');
INSERT INTO "ProductionItem" ("Id", "Name") VALUES ('d99200f3-b141-4238-be9d-c9ec633fda7b', 'AI Limiter');
INSERT INTO "ProductionItem" ("Id", "Name") VALUES ('0b614cb1-e391-4439-ade3-d21a41b64a07', 'High-Speed Connector');

-- COMMUNICATIONS
INSERT INTO "ProductionItem" ("Id", "Name") VALUES ('5dbe02d2-a6b0-4b05-94d9-8a559d058f85', 'Computer');
INSERT INTO "ProductionItem" ("Id", "Name") VALUES ('6adee73d-3b3e-4e2c-a4f5-34961bf26a74', 'Supercomputer');
INSERT INTO "ProductionItem" ("Id", "Name") VALUES ('199532a6-2184-4e46-87e2-4629d1c9e37d', 'Quantum Computer');
INSERT INTO "ProductionItem" ("Id", "Name") VALUES ('7fe500f8-db06-4107-a039-ce6a8a7b2e68', 'Radio Control Unit');
INSERT INTO "ProductionItem" ("Id", "Name") VALUES ('b0f00547-4ec9-47ec-a905-012809436bc5', 'Crystal Oscillator');
INSERT INTO "ProductionItem" ("Id", "Name") VALUES ('f057f95e-615a-4254-a4d5-c87061e8d5a7', 'Superposition Oscillator');

-- CONTAINERS
INSERT INTO "ProductionItem" ("Id", "Name") VALUES ('15bccf69-9c55-413b-bf99-2858d7653f3f', 'Empty Canister');
INSERT INTO "ProductionItem" ("Id", "Name") VALUES ('2a6977d5-a841-49cb-86f1-e72248515e3c', 'Empty Fluid Tank');
INSERT INTO "ProductionItem" ("Id", "Name") VALUES ('caa19392-f375-4cb2-86cf-d74484cd62e4', 'Pressure Conversion Cube');
INSERT INTO "ProductionItem" ("Id", "Name") VALUES ('5dbcad17-bf69-43d6-ba9e-d489014884a7', 'Packaged Water');
INSERT INTO "ProductionItem" ("Id", "Name") VALUES ('aa368970-b8f3-4aa3-9cc2-a294d44d3015', 'Packaged Alumina Solution');
INSERT INTO "ProductionItem" ("Id", "Name") VALUES ('01ff7f33-1b40-4b49-9f9e-3f54bc58ec61', 'Packaged Sulfuric Acid');
INSERT INTO "ProductionItem" ("Id", "Name") VALUES ('b2ab60bd-710c-4a6b-9202-02e318d707a7', 'Packaged Nitric Acid');
INSERT INTO "ProductionItem" ("Id", "Name") VALUES ('e910fa9a-fec9-4411-8427-b872b01a6bd3', 'Packaged Nitrogen Gas');

-- FUELS
INSERT INTO "ProductionItem" ("Id", "Name") VALUES ('853c2d16-99a5-430b-8ab1-8098884c5dcc', 'Leaves');
INSERT INTO "ProductionItem" ("Id", "Name") VALUES ('2a6c9406-5bdc-46b9-8bbd-0fcf5fee44cb', 'Mycelia');
INSERT INTO "ProductionItem" ("Id", "Name") VALUES ('1614b127-2694-419e-91c5-24f5b01a9c7b', 'Flower Petals');
INSERT INTO "ProductionItem" ("Id", "Name") VALUES ('1c398d2a-bdc8-4196-a8fa-f02bc558193a', 'Wood');
INSERT INTO "ProductionItem" ("Id", "Name") VALUES ('ee5135ef-995f-4a14-bd51-1d5b0b4eaa50', 'Biomass');
INSERT INTO "ProductionItem" ("Id", "Name") VALUES ('2af25498-23e7-44ac-a559-76963785c211', 'Compacted Coal');
INSERT INTO "ProductionItem" ("Id", "Name") VALUES ('f10ec3bc-71b9-4f55-b35b-e53e9710ecf0', 'Packaged Oil');
INSERT INTO "ProductionItem" ("Id", "Name") VALUES ('9bc764d6-dbbf-49b9-b80b-73b0cf2f66f8', 'Packaged Heavy Oil Residue');
INSERT INTO "ProductionItem" ("Id", "Name") VALUES ('3ddc7b64-5a1a-48f1-b4e2-14457ad8bc77', 'Solid Biofuel');
INSERT INTO "ProductionItem" ("Id", "Name") VALUES ('8f1e4160-e248-4141-b91d-873e97b60c99', 'Packaged Fuel');
INSERT INTO "ProductionItem" ("Id", "Name") VALUES ('ed4e5f4a-da1f-4623-a6f3-b9afa44fd51a', 'Packaged Liquid Biofuel');
INSERT INTO "ProductionItem" ("Id", "Name") VALUES ('6c057622-8b83-4798-a8fa-db1b6ba63a6b', 'Packaged Turbofuel');
INSERT INTO "ProductionItem" ("Id", "Name") VALUES ('e0464fff-2408-416d-83d8-791597028293', 'Uranium Fuel Rod');
INSERT INTO "ProductionItem" ("Id", "Name") VALUES ('3b4a9bef-b5cd-43f4-bf28-776210050aa8', 'Plutonium Fuel Rod');

-- CONSUMED
INSERT INTO "ProductionItem" ("Id", "Name") VALUES ('13119de9-ab33-4b98-b880-96ccf6b79aac', 'Black Powder');
INSERT INTO "ProductionItem" ("Id", "Name") VALUES ('8376cafd-be62-481e-9d32-fef079136340', 'Smokeless Powder');
INSERT INTO "ProductionItem" ("Id", "Name") VALUES ('0dd6081c-5008-442a-8742-1c699775ee1b', 'Gas Filter');
INSERT INTO "ProductionItem" ("Id", "Name") VALUES ('aa9ffe7b-1efa-4127-ac31-18b32bd6e329', 'Color Cartridge');
INSERT INTO "ProductionItem" ("Id", "Name") VALUES ('b5cd8cdd-bd30-4802-86c2-1f3b26bbed60', 'Beacon');
INSERT INTO "ProductionItem" ("Id", "Name") VALUES ('4693d2ba-1aec-4f1f-bcfb-58d539c70896', 'Iodine Infused Filter');

-- AMMOS
INSERT INTO "ProductionItem" ("Id", "Name") VALUES ('e9b1ded9-9c36-4933-a30c-d15ad35793f3', 'Iron Rebar');
INSERT INTO "ProductionItem" ("Id", "Name") VALUES ('2222d5ca-2e9a-4878-98e0-0c2fa284dca2', 'Stun Rebar');
INSERT INTO "ProductionItem" ("Id", "Name") VALUES ('a931fe1b-01c6-4f82-b93c-dde9c3de9054', 'Shatter Rebar');
INSERT INTO "ProductionItem" ("Id", "Name") VALUES ('7e244ac8-a73f-4c95-a82f-c62daed108bc', 'Explosive Rebar');
INSERT INTO "ProductionItem" ("Id", "Name") VALUES ('e7587e91-6cc1-4cd1-ae68-83a3e316915b', 'Rifle Ammo');
INSERT INTO "ProductionItem" ("Id", "Name") VALUES ('39e2266e-142f-423a-89ea-7552735090ae', 'Homing Rifle Ammo');
INSERT INTO "ProductionItem" ("Id", "Name") VALUES ('6176fa01-2796-4586-ad80-87d209baa416', 'Turbo Rifle Ammo');
INSERT INTO "ProductionItem" ("Id", "Name") VALUES ('ed397f68-c71c-486f-a116-ba861963e057', 'Nobelisk');
INSERT INTO "ProductionItem" ("Id", "Name") VALUES ('434c653f-9eaa-420b-aa42-0e2a16632777', 'Gas Nobelisk');
INSERT INTO "ProductionItem" ("Id", "Name") VALUES ('9f766096-3c05-4a14-95bb-084712b1a9f5', 'Pulse Nobelisk');
INSERT INTO "ProductionItem" ("Id", "Name") VALUES ('5769d7b4-40ec-482e-856f-91494e60aa54', 'Cluster Nobelisk');
INSERT INTO "ProductionItem" ("Id", "Name") VALUES ('6706b9d3-2285-41a6-b077-a70f2dd369a0', 'Nuke Nobelisk');

-- NUCLEAR
INSERT INTO "ProductionItem" ("Id", "Name") VALUES ('0005c281-6ac8-4c40-b6b0-b40c3cf14853', 'Electromagnetic Control Rod');
INSERT INTO "ProductionItem" ("Id", "Name") VALUES ('7cd4bb4f-17d2-4ebc-bceb-fa3b28c79e3a', 'Encased Uranium Cell');
INSERT INTO "ProductionItem" ("Id", "Name") VALUES ('3067af4a-98ff-4595-9d59-997c80e26c58', 'Non-fissile Uranium');
INSERT INTO "ProductionItem" ("Id", "Name") VALUES ('781ce7e2-5e4d-4b08-8a2c-91299560d2fb', 'Plutonium Pellet');
INSERT INTO "ProductionItem" ("Id", "Name") VALUES ('cf482502-902f-4f7a-b685-a8a8425d8a6a', 'Encased Plutonium Cell');

-- WASTE
INSERT INTO "ProductionItem" ("Id", "Name") VALUES ('7b175c54-6f00-4f33-bd65-5e58a770a05e', 'Uranium Waste');
INSERT INTO "ProductionItem" ("Id", "Name") VALUES ('c2b4a4e7-d743-4263-805a-d53a224cf30b', 'Plutonium Waste');

-- SPECIAL
INSERT INTO "ProductionItem" ("Id", "Name") VALUES ('32cfcf6d-6c14-4097-a155-1558de0c296f', 'Blue Power Slug');
INSERT INTO "ProductionItem" ("Id", "Name") VALUES ('64d0cccc-04ff-4c41-b304-7fad947b16c1', 'Yellow Power Slug');
INSERT INTO "ProductionItem" ("Id", "Name") VALUES ('bc02c9a8-c106-4d8e-9282-6794a8b3e609', 'Purple Power Slug');
INSERT INTO "ProductionItem" ("Id", "Name") VALUES ('01e7ca8c-d539-4e01-8a35-dafce81d2f12', 'Power Shard');
INSERT INTO "ProductionItem" ("Id", "Name") VALUES ('366f6aae-a7fb-42eb-9df7-fdfac954dd75', 'FICSIT Coupon');
INSERT INTO "ProductionItem" ("Id", "Name") VALUES ('b4fcb7e9-ffb7-4ccb-aa23-30f2d6006294', 'Smart Plating');
INSERT INTO "ProductionItem" ("Id", "Name") VALUES ('61b219a2-326e-4036-a4fb-2c89ad7e45e7', 'Versatile Framework');
INSERT INTO "ProductionItem" ("Id", "Name") VALUES ('cab1485d-6922-4a22-ac27-044ecf0899c1', 'Automated Wiring');
INSERT INTO "ProductionItem" ("Id", "Name") VALUES ('634259b1-9d3b-4aca-ac70-0eb7395274f8', 'Modular Engine');
INSERT INTO "ProductionItem" ("Id", "Name") VALUES ('4f8c2c29-6ecf-4659-910e-afa9bbe6a828', 'Adaptive Control Unit');
INSERT INTO "ProductionItem" ("Id", "Name") VALUES ('21832e63-97c0-4ee5-88b9-a3cd1cce3be4', 'Assembly Director System');
INSERT INTO "ProductionItem" ("Id", "Name") VALUES ('d9675bd6-9c70-4693-8d31-8c192a59d06a', 'Magnetic Field Generator');
INSERT INTO "ProductionItem" ("Id", "Name") VALUES ('0e80ae7b-0c8e-4eb5-aac3-a99da9036c63', 'Thermal Propulsion Rocket');
INSERT INTO "ProductionItem" ("Id", "Name") VALUES ('88ebb5d6-9b40-46aa-9fe6-d21a125ede14', 'Nuclear Pasta');

-- EXTRACTOR TO PRODUCTION ITEM
-- MINER MK1
INSERT INTO "ExtractorProductionItem" ("Id", "ExtractorType", "ProductionItemId") VALUES ('7ee315b6-2cfc-42db-8605-763af9114768', 0, 'f964d413-f85b-4f1a-9f5b-68beb5b50f70');
INSERT INTO "ExtractorProductionItem" ("Id", "ExtractorType", "ProductionItemId") VALUES ('3480fe86-7b9f-42a0-ac94-e61c769842ed', 0, 'd0ae0c70-f8e1-4d90-b961-cb934f9ccb74');
INSERT INTO "ExtractorProductionItem" ("Id", "ExtractorType", "ProductionItemId") VALUES ('c2158319-5cd8-4a90-901d-b9d77ab97028', 0, '549e7508-18bd-4dc9-8049-df92c18780ef');
INSERT INTO "ExtractorProductionItem" ("Id", "ExtractorType", "ProductionItemId") VALUES ('dabd8b91-0c15-4da9-8cab-5c79643b0903', 0, 'f9403bc2-af3f-4ddf-bd46-89e3f32cc7d3');
INSERT INTO "ExtractorProductionItem" ("Id", "ExtractorType", "ProductionItemId") VALUES ('6840759a-ddcb-4646-a6ff-d02b3810c4f4', 0, '38862792-f956-4804-9d7a-46b60fb8d013');
INSERT INTO "ExtractorProductionItem" ("Id", "ExtractorType", "ProductionItemId") VALUES ('44811f12-9fbe-4ead-9a9a-c4414c3e969c', 0, 'c0d59595-4b03-40ea-a4b1-df06c5b27d5f');
INSERT INTO "ExtractorProductionItem" ("Id", "ExtractorType", "ProductionItemId") VALUES ('f7dca520-b5da-4b6f-97f9-d5da890f2e87', 0, '2ff52414-1041-4d16-b68e-efc253325b9b');
INSERT INTO "ExtractorProductionItem" ("Id", "ExtractorType", "ProductionItemId") VALUES ('8274bf0d-468a-48d0-9f3e-7d8b25c75959', 0, '25c668ba-3a12-46ec-9008-1d2a6fdee1a8');
INSERT INTO "ExtractorProductionItem" ("Id", "ExtractorType", "ProductionItemId") VALUES ('3c4b7052-3c9c-4780-83e0-d0e798bc9e81', 0, '5510231c-40aa-4541-97f5-d93f9f293c74');
INSERT INTO "ExtractorProductionItem" ("Id", "ExtractorType", "ProductionItemId") VALUES ('f9e8b828-ce0d-46da-8a92-a98b6ca6697c', 0, '61797338-8b77-4a2f-8c67-bc3899b8a214');

-- MINER MK2
INSERT INTO "ExtractorProductionItem" ("Id", "ExtractorType", "ProductionItemId") VALUES ('b9ac9a30-46d9-4516-a471-7a1bd213d30d', 1, 'f964d413-f85b-4f1a-9f5b-68beb5b50f70');
INSERT INTO "ExtractorProductionItem" ("Id", "ExtractorType", "ProductionItemId") VALUES ('3048fb0c-0f75-43a0-94d0-8c5af78926c5', 1, 'd0ae0c70-f8e1-4d90-b961-cb934f9ccb74');
INSERT INTO "ExtractorProductionItem" ("Id", "ExtractorType", "ProductionItemId") VALUES ('f0fafc8f-b1d6-4df8-9a7e-9889d361b6a7', 1, '549e7508-18bd-4dc9-8049-df92c18780ef');
INSERT INTO "ExtractorProductionItem" ("Id", "ExtractorType", "ProductionItemId") VALUES ('9905cdfa-3259-4867-9003-131d18759cd0', 1, 'f9403bc2-af3f-4ddf-bd46-89e3f32cc7d3');
INSERT INTO "ExtractorProductionItem" ("Id", "ExtractorType", "ProductionItemId") VALUES ('fce2ed84-d5bc-49ab-9cbe-71057f060b41', 1, '38862792-f956-4804-9d7a-46b60fb8d013');
INSERT INTO "ExtractorProductionItem" ("Id", "ExtractorType", "ProductionItemId") VALUES ('1726f057-2d5e-428e-bb38-4a3a6c1fa862', 1, 'c0d59595-4b03-40ea-a4b1-df06c5b27d5f');
INSERT INTO "ExtractorProductionItem" ("Id", "ExtractorType", "ProductionItemId") VALUES ('be5bf798-9a2d-41bc-88e6-d57a41a0d7e9', 1, '2ff52414-1041-4d16-b68e-efc253325b9b');
INSERT INTO "ExtractorProductionItem" ("Id", "ExtractorType", "ProductionItemId") VALUES ('78e20785-b042-41b0-bf96-c33dfcba2100', 1, '25c668ba-3a12-46ec-9008-1d2a6fdee1a8');
INSERT INTO "ExtractorProductionItem" ("Id", "ExtractorType", "ProductionItemId") VALUES ('1cae17e9-2485-4e12-928f-ab1aa58f346d', 1, '5510231c-40aa-4541-97f5-d93f9f293c74');
INSERT INTO "ExtractorProductionItem" ("Id", "ExtractorType", "ProductionItemId") VALUES ('95c33ad5-20c0-49f5-801e-9abbf590bf4c', 1, '61797338-8b77-4a2f-8c67-bc3899b8a214');

-- MINER MK3
INSERT INTO "ExtractorProductionItem" ("Id", "ExtractorType", "ProductionItemId") VALUES ('df2694a0-c59c-41a3-9806-575720ad8552', 2, 'f964d413-f85b-4f1a-9f5b-68beb5b50f70');
INSERT INTO "ExtractorProductionItem" ("Id", "ExtractorType", "ProductionItemId") VALUES ('6e2b9331-4f5e-4571-8b3a-6016f4a6351d', 2, 'd0ae0c70-f8e1-4d90-b961-cb934f9ccb74');
INSERT INTO "ExtractorProductionItem" ("Id", "ExtractorType", "ProductionItemId") VALUES ('a0e67352-6ec3-45a7-8ae9-d71c16af844c', 2, '549e7508-18bd-4dc9-8049-df92c18780ef');
INSERT INTO "ExtractorProductionItem" ("Id", "ExtractorType", "ProductionItemId") VALUES ('b499ea68-1fc1-4d8b-bd31-d8aeb79fc66b', 2, 'f9403bc2-af3f-4ddf-bd46-89e3f32cc7d3');
INSERT INTO "ExtractorProductionItem" ("Id", "ExtractorType", "ProductionItemId") VALUES ('bdf83921-8151-4a79-9b09-3000d6fc5701', 2, '38862792-f956-4804-9d7a-46b60fb8d013');
INSERT INTO "ExtractorProductionItem" ("Id", "ExtractorType", "ProductionItemId") VALUES ('81738cd1-e75c-4256-b6a2-a9d4d3a984ec', 2, 'c0d59595-4b03-40ea-a4b1-df06c5b27d5f');
INSERT INTO "ExtractorProductionItem" ("Id", "ExtractorType", "ProductionItemId") VALUES ('e0532661-5f3a-41bb-af9b-a57318002cbc', 2, '2ff52414-1041-4d16-b68e-efc253325b9b');
INSERT INTO "ExtractorProductionItem" ("Id", "ExtractorType", "ProductionItemId") VALUES ('8da4663a-2cc1-478b-b189-752a5439dbad', 2, '25c668ba-3a12-46ec-9008-1d2a6fdee1a8');
INSERT INTO "ExtractorProductionItem" ("Id", "ExtractorType", "ProductionItemId") VALUES ('9044ff81-32d9-47a8-a930-031ba8b6a2eb', 2, '5510231c-40aa-4541-97f5-d93f9f293c74');
INSERT INTO "ExtractorProductionItem" ("Id", "ExtractorType", "ProductionItemId") VALUES ('fae2133a-6edb-4c7d-9f20-586bf1a1b471', 2, '61797338-8b77-4a2f-8c67-bc3899b8a214');

-- OIL EXTRACTOR
INSERT INTO "ExtractorProductionItem" ("Id", "ExtractorType", "ProductionItemId") VALUES ('6043a8ef-562b-4995-a7f5-6b6bcdde2565', 3, '60cc959c-3782-42ba-ab4b-e3ddaf4da6bd');

-- WATER EXTRACTOR
INSERT INTO "ExtractorProductionItem" ("Id", "ExtractorType", "ProductionItemId") VALUES ('a47c7eb9-cd04-4304-b0c5-4b9ea7226ad9', 4, '0d2bbba9-8db0-4cdf-855a-dc1d9bb6bf7b');

-- RESOURCE WELL EXTRACTOR
INSERT INTO "ExtractorProductionItem" ("Id", "ExtractorType", "ProductionItemId") VALUES ('87545587-5e70-4e6b-b63b-8a6ee33a8ec7', 6, '9eb028d9-3081-443c-a404-a23eab84e655');
INSERT INTO "ExtractorProductionItem" ("Id", "ExtractorType", "ProductionItemId") VALUES ('9f525c59-28aa-43c0-9ab2-13cec40f860b', 6, '0d2bbba9-8db0-4cdf-855a-dc1d9bb6bf7b');
INSERT INTO "ExtractorProductionItem" ("Id", "ExtractorType", "ProductionItemId") VALUES ('b7d3c724-6e1e-43fd-825c-81f0d008f0fd', 6, '60cc959c-3782-42ba-ab4b-e3ddaf4da6bd');

-- INGOT RECIPES
INSERT INTO "Recipe" ("Id", "Name", "MadeIn") VALUES ('7404c03c-72ba-4be7-8315-0f3265718841', 'Iron Ingot', 1);
INSERT INTO "RecipeIngredient" ("Id", "RecipeId", "ProductionItemId", "RequiredPerMinute") VALUES ('8b54a706-78d7-4dfb-8968-c872a29f4f27', '7404c03c-72ba-4be7-8315-0f3265718841', 'f964d413-f85b-4f1a-9f5b-68beb5b50f70', 30);
INSERT INTO "RecipeResult" ("Id", "RecipeId", "ProductionItemId", "ProducedPerMinute") VALUES ('bac20d9b-cff7-4f5e-b741-8ebe649d0a05', '7404c03c-72ba-4be7-8315-0f3265718841', '2d78437a-8152-4e9b-8df2-9e9b8f3fe91b', 30);

INSERT INTO "Recipe" ("Id", "Name", "MadeIn") VALUES ('1ff7cd68-07aa-49ce-a664-9a5492e59a8a', 'Copper Ingot', 1);
INSERT INTO "RecipeIngredient" ("Id", "RecipeId", "ProductionItemId", "RequiredPerMinute") VALUES ('c9d896d0-04ab-43f2-bda6-19b6ae990a4b', '1ff7cd68-07aa-49ce-a664-9a5492e59a8a', '549e7508-18bd-4dc9-8049-df92c18780ef', 30);
INSERT INTO "RecipeResult" ("Id", "RecipeId", "ProductionItemId", "ProducedPerMinute") VALUES ('48f9c75d-c534-44bd-9d0c-b2b91ff49d3a', '1ff7cd68-07aa-49ce-a664-9a5492e59a8a', '96d0af82-d8e3-4d57-b2fd-ab2b16a24f17', 30);

INSERT INTO "Recipe" ("Id", "Name", "MadeIn") VALUES ('a256b109-8014-4ea5-b38c-d7d595db52e7', 'Caterium Ingot', 1);
INSERT INTO "RecipeIngredient" ("Id", "RecipeId", "ProductionItemId", "RequiredPerMinute") VALUES ('76be47be-6771-4463-89c8-86fb1826524a', 'a256b109-8014-4ea5-b38c-d7d595db52e7', 'f9403bc2-af3f-4ddf-bd46-89e3f32cc7d3', 30);
INSERT INTO "RecipeResult" ("Id", "RecipeId", "ProductionItemId", "ProducedPerMinute") VALUES ('0b7d6f02-93df-4530-a274-89dd785a5b29', 'a256b109-8014-4ea5-b38c-d7d595db52e7', '067b5427-8cf8-4b09-aadf-b3ecaf1aa333', 30);

INSERT INTO "Recipe" ("Id", "Name", "MadeIn") VALUES ('aed1698b-2ed1-4ff2-9a9b-21b74f05010a', 'Steel Ingot', 2);
INSERT INTO "RecipeIngredient" ("Id", "RecipeId", "ProductionItemId", "RequiredPerMinute") VALUES ('bf3edc34-3b55-45d2-b5ed-d9191ddac850', 'aed1698b-2ed1-4ff2-9a9b-21b74f05010a', 'f964d413-f85b-4f1a-9f5b-68beb5b50f70', 45);
INSERT INTO "RecipeIngredient" ("Id", "RecipeId", "ProductionItemId", "RequiredPerMinute") VALUES ('ba08642e-b6e2-4e87-9b44-e10836420d48', 'aed1698b-2ed1-4ff2-9a9b-21b74f05010a', '38862792-f956-4804-9d7a-46b60fb8d013', 45);
INSERT INTO "RecipeResult" ("Id", "RecipeId", "ProductionItemId", "ProducedPerMinute") VALUES ('e3a22e44-a69c-40d2-8637-c7881df2865d', 'aed1698b-2ed1-4ff2-9a9b-21b74f05010a', 'c1bc6f2a-5143-4fa9-a0c6-c9905afa98c0', 45);

INSERT INTO "Recipe" ("Id", "Name", "MadeIn") VALUES ('1d8cd144-79f1-4dd1-8fbd-d88433a1e559', 'Aluminum Ingot', 2);
INSERT INTO "RecipeIngredient" ("Id", "RecipeId", "ProductionItemId", "RequiredPerMinute") VALUES ('2a5ee77c-ee15-4d79-b3b9-07940629e506', '1d8cd144-79f1-4dd1-8fbd-d88433a1e559', '70109a5e-14a6-4ce2-8baf-8f3c2e200625', 90);
INSERT INTO "RecipeIngredient" ("Id", "RecipeId", "ProductionItemId", "RequiredPerMinute") VALUES ('13637c03-b30d-47ed-859e-56e1d70af0f2', '1d8cd144-79f1-4dd1-8fbd-d88433a1e559', 'cd229d3e-85da-4a02-b598-08dc76028222', 75);
INSERT INTO "RecipeResult" ("Id", "RecipeId", "ProductionItemId", "ProducedPerMinute") VALUES ('fc24d643-69dc-484f-9b25-539c47989532', '1d8cd144-79f1-4dd1-8fbd-d88433a1e559', '5b2ba98e-bfa1-43ea-a211-42fe9977fbe4', 60);

-- MINERAL RECIPES
INSERT INTO "Recipe" ("Id", "Name", "MadeIn") VALUES ('52dabbcf-1452-4e97-b514-e75b4580edf9', 'Concrete', 3);
INSERT INTO "RecipeIngredient" ("Id", "RecipeId", "ProductionItemId", "RequiredPerMinute") VALUES ('348a211d-5d96-482a-a3b1-5ae6eae8c454', '52dabbcf-1452-4e97-b514-e75b4580edf9', 'd0ae0c70-f8e1-4d90-b961-cb934f9ccb74', 45);
INSERT INTO "RecipeResult" ("Id", "RecipeId", "ProductionItemId", "ProducedPerMinute") VALUES ('c32600b8-4ec3-43a9-b147-11f460b8b9c1', '52dabbcf-1452-4e97-b514-e75b4580edf9', 'e9978ec3-b882-40cf-8e93-a94936e66029', 15);

INSERT INTO "Recipe" ("Id", "Name", "MadeIn") VALUES ('73e96722-1870-44ef-b811-6a5d36acd00c', 'Quartz Crystal', 3);
INSERT INTO "RecipeIngredient" ("Id", "RecipeId", "ProductionItemId", "RequiredPerMinute") VALUES ('01e1bec7-8d64-4cd1-963c-6b9da9efb0d0', '73e96722-1870-44ef-b811-6a5d36acd00c', 'c0d59595-4b03-40ea-a4b1-df06c5b27d5f', 37.5);
INSERT INTO "RecipeResult" ("Id", "RecipeId", "ProductionItemId", "ProducedPerMinute") VALUES ('2b62373f-19d5-4430-bd43-2a7b27a3268a', '73e96722-1870-44ef-b811-6a5d36acd00c', '7d8858d3-3c54-4e99-9ec7-88961a8f883f', 22.5);

INSERT INTO "Recipe" ("Id", "Name", "MadeIn") VALUES ('03192e0f-a805-441e-bc1b-fd20c694f457', 'Silica', 3);
INSERT INTO "RecipeIngredient" ("Id", "RecipeId", "ProductionItemId", "RequiredPerMinute") VALUES ('88e2ae3a-ab7e-40f5-a8e6-d3729d6e3245', '03192e0f-a805-441e-bc1b-fd20c694f457', 'c0d59595-4b03-40ea-a4b1-df06c5b27d5f', 22.5);
INSERT INTO "RecipeResult" ("Id", "RecipeId", "ProductionItemId", "ProducedPerMinute") VALUES ('e04e2e0f-8068-4ab0-8410-0091f7f91b26', '03192e0f-a805-441e-bc1b-fd20c694f457', 'cd229d3e-85da-4a02-b598-08dc76028222', 37.5);

INSERT INTO "Recipe" ("Id", "Name", "MadeIn") VALUES ('dc0b12f6-9c37-4413-9fd3-8611b9daaa09', 'Copper Powder', 3);
INSERT INTO "RecipeIngredient" ("Id", "RecipeId", "ProductionItemId", "RequiredPerMinute") VALUES ('adb550c2-b2ed-4e83-b02c-9a264604d08e', 'dc0b12f6-9c37-4413-9fd3-8611b9daaa09', '96d0af82-d8e3-4d57-b2fd-ab2b16a24f17', 300);
INSERT INTO "RecipeResult" ("Id", "RecipeId", "ProductionItemId", "ProducedPerMinute") VALUES ('078ce32b-da31-486a-aaab-b613d9a32bc0', 'dc0b12f6-9c37-4413-9fd3-8611b9daaa09', 'ba4f6819-9f75-47c0-8504-c9fced1a9100', 50);

INSERT INTO "Recipe" ("Id", "Name", "MadeIn") VALUES ('d72f748d-6e2d-4ff2-9f56-0a0dc83fad7a', 'Petroleum Coke', 6);
INSERT INTO "RecipeIngredient" ("Id", "RecipeId", "ProductionItemId", "RequiredPerMinute") VALUES ('903de386-5ad3-4ee9-aa76-918fe7923d3e', 'd72f748d-6e2d-4ff2-9f56-0a0dc83fad7a', '03ab8a1b-6e94-406b-b362-31938e984e2d', 40);
INSERT INTO "RecipeResult" ("Id", "RecipeId", "ProductionItemId", "ProducedPerMinute") VALUES ('4ca0ceff-2523-404b-93fd-d1c794a98517', 'd72f748d-6e2d-4ff2-9f56-0a0dc83fad7a', '1ee1a2bb-3539-4075-95ba-9543f879e3c1', 120);

INSERT INTO "Recipe" ("Id", "Name", "MadeIn") VALUES ('a53f8b42-4904-4fff-9fda-f6a36995c3eb', 'Aluminum Scrap', 6);
INSERT INTO "RecipeIngredient" ("Id", "RecipeId", "ProductionItemId", "RequiredPerMinute") VALUES ('f630f984-e21a-4dae-93f4-1aa7e98d1b01', 'a53f8b42-4904-4fff-9fda-f6a36995c3eb', '48bf8676-96cb-40e1-a367-ee6a4d50603f', 240);
INSERT INTO "RecipeIngredient" ("Id", "RecipeId", "ProductionItemId", "RequiredPerMinute") VALUES ('3127885b-bbe9-4c1b-a3d1-c9c5c009d3cc', 'a53f8b42-4904-4fff-9fda-f6a36995c3eb', '38862792-f956-4804-9d7a-46b60fb8d013', 120);
INSERT INTO "RecipeResult" ("Id", "RecipeId", "ProductionItemId", "ProducedPerMinute") VALUES ('bb8a1bda-aa9a-42cb-b011-7bd57f6078b9', 'a53f8b42-4904-4fff-9fda-f6a36995c3eb', '70109a5e-14a6-4ce2-8baf-8f3c2e200625', 360);
INSERT INTO "RecipeResult" ("Id", "RecipeId", "ProductionItemId", "ProducedPerMinute") VALUES ('0fc0a87d-1af6-4627-82cc-1b034de75f84', 'a53f8b42-4904-4fff-9fda-f6a36995c3eb', '0d2bbba9-8db0-4cdf-855a-dc1d9bb6bf7b', 120);

-- LIQUID RECIPES
INSERT INTO "Recipe" ("Id", "Name", "MadeIn") VALUES ('19082f24-c6fb-46eb-952d-16f95fcdb4ca', 'Unpackage Water', 7);
INSERT INTO "RecipeIngredient" ("Id", "RecipeId", "ProductionItemId", "RequiredPerMinute") VALUES ('e5d2ec9f-87bc-4956-b7c7-8ec05fc676a0', '19082f24-c6fb-46eb-952d-16f95fcdb4ca', '5dbcad17-bf69-43d6-ba9e-d489014884a7', 120);
INSERT INTO "RecipeResult" ("Id", "RecipeId", "ProductionItemId", "ProducedPerMinute") VALUES ('938cc10e-90e1-4f68-9115-5cac147b588e', '19082f24-c6fb-46eb-952d-16f95fcdb4ca', '0d2bbba9-8db0-4cdf-855a-dc1d9bb6bf7b', 120);
INSERT INTO "RecipeResult" ("Id", "RecipeId", "ProductionItemId", "ProducedPerMinute") VALUES ('30c3f161-f203-4431-90c2-e2587299077f', '19082f24-c6fb-46eb-952d-16f95fcdb4ca', '15bccf69-9c55-413b-bf99-2858d7653f3f', 120);

INSERT INTO "Recipe" ("Id", "Name", "MadeIn") VALUES ('8765977e-7bd4-479a-b17e-a792422becbe', 'Unpackage Oil', 7);
INSERT INTO "RecipeIngredient" ("Id", "RecipeId", "ProductionItemId", "RequiredPerMinute") VALUES ('13fc473c-3fe8-4f91-bcaa-40b8de9e6f9d', '8765977e-7bd4-479a-b17e-a792422becbe', 'f10ec3bc-71b9-4f55-b35b-e53e9710ecf0', 60);
INSERT INTO "RecipeResult" ("Id", "RecipeId", "ProductionItemId", "ProducedPerMinute") VALUES ('420cd93c-a6b0-4a9a-9da0-c7da326d5699', '8765977e-7bd4-479a-b17e-a792422becbe', '60cc959c-3782-42ba-ab4b-e3ddaf4da6bd', 60);
INSERT INTO "RecipeResult" ("Id", "RecipeId", "ProductionItemId", "ProducedPerMinute") VALUES ('cbcf13d4-61a5-4cf4-b2f1-09bbd1ae53d9', '8765977e-7bd4-479a-b17e-a792422becbe', '15bccf69-9c55-413b-bf99-2858d7653f3f', 60);

INSERT INTO "Recipe" ("Id", "Name", "MadeIn") VALUES ('9c2a7dfd-d542-4131-9d84-6974b944d91b', 'Fuel', 6);
INSERT INTO "RecipeIngredient" ("Id", "RecipeId", "ProductionItemId", "RequiredPerMinute") VALUES ('16de88bb-2a17-4c78-8bbc-caebaa3f3cad', '9c2a7dfd-d542-4131-9d84-6974b944d91b', '60cc959c-3782-42ba-ab4b-e3ddaf4da6bd', 60);
INSERT INTO "RecipeResult" ("Id", "RecipeId", "ProductionItemId", "ProducedPerMinute") VALUES ('19f81ca5-84d0-4c50-826b-9a4c1f9dde02', '9c2a7dfd-d542-4131-9d84-6974b944d91b', '01472eb4-b680-4f08-9e19-8690a9e3aef4', 40);
INSERT INTO "RecipeResult" ("Id", "RecipeId", "ProductionItemId", "ProducedPerMinute") VALUES ('676b1874-0e58-4b49-afca-d1ca4687b581', '9c2a7dfd-d542-4131-9d84-6974b944d91b', '11ecce3d-8787-41dc-91ee-f9fb40aca645', 30);

INSERT INTO "Recipe" ("Id", "Name", "MadeIn") VALUES ('d840a9cc-b997-45b8-a0d7-ab28d979ce07', 'Alumina Solution', 6);
INSERT INTO "RecipeIngredient" ("Id", "RecipeId", "ProductionItemId", "RequiredPerMinute") VALUES ('1a5d7c6f-50b5-4ed7-994f-eab1ecf230b6', 'd840a9cc-b997-45b8-a0d7-ab28d979ce07', '25c668ba-3a12-46ec-9008-1d2a6fdee1a8', 120);
INSERT INTO "RecipeIngredient" ("Id", "RecipeId", "ProductionItemId", "RequiredPerMinute") VALUES ('cbcd946f-0dcb-42cb-970b-b33ce2048c0c', 'd840a9cc-b997-45b8-a0d7-ab28d979ce07', '0d2bbba9-8db0-4cdf-855a-dc1d9bb6bf7b', 180);
INSERT INTO "RecipeResult" ("Id", "RecipeId", "ProductionItemId", "ProducedPerMinute") VALUES ('44d1b451-94b9-4600-98da-4a7bc6baeb83', 'd840a9cc-b997-45b8-a0d7-ab28d979ce07', '48bf8676-96cb-40e1-a367-ee6a4d50603f', 120);
INSERT INTO "RecipeResult" ("Id", "RecipeId", "ProductionItemId", "ProducedPerMinute") VALUES ('b07c767c-7b0b-4506-a9ee-6d73c4996918', 'd840a9cc-b997-45b8-a0d7-ab28d979ce07', 'cd229d3e-85da-4a02-b598-08dc76028222', 50);

INSERT INTO "Recipe" ("Id", "Name", "MadeIn") VALUES ('940b5594-1481-4ea6-8aa1-4aa71fdaf4a3', 'Unpackage Heavy Oil Residue', 7);
INSERT INTO "RecipeIngredient" ("Id", "RecipeId", "ProductionItemId", "RequiredPerMinute") VALUES ('d0e6b420-029a-464e-8605-0d6d54b7cb01', '940b5594-1481-4ea6-8aa1-4aa71fdaf4a3', '9bc764d6-dbbf-49b9-b80b-73b0cf2f66f8', 20);
INSERT INTO "RecipeResult" ("Id", "RecipeId", "ProductionItemId", "ProducedPerMinute") VALUES ('dc2a187f-06dd-4b8c-b612-cab75ab1600d', '940b5594-1481-4ea6-8aa1-4aa71fdaf4a3', '03ab8a1b-6e94-406b-b362-31938e984e2d', 20);
INSERT INTO "RecipeResult" ("Id", "RecipeId", "ProductionItemId", "ProducedPerMinute") VALUES ('8d78328e-b5a4-40bf-a9fc-035f69938a4d', '940b5594-1481-4ea6-8aa1-4aa71fdaf4a3', '15bccf69-9c55-413b-bf99-2858d7653f3f', 20);

INSERT INTO "Recipe" ("Id", "Name", "MadeIn") VALUES ('87be3c01-dec7-436f-90df-1bf5077b32a1', 'Unpackage Fuel', 7);
INSERT INTO "RecipeIngredient" ("Id", "RecipeId", "ProductionItemId", "RequiredPerMinute") VALUES ('d8773dfa-e4f0-400d-9abd-35701df194ff', '87be3c01-dec7-436f-90df-1bf5077b32a1', '8f1e4160-e248-4141-b91d-873e97b60c99', 60);
INSERT INTO "RecipeResult" ("Id", "RecipeId", "ProductionItemId", "ProducedPerMinute") VALUES ('82eee7e7-1de4-4d3a-8c4e-0f1dfb07419c', '87be3c01-dec7-436f-90df-1bf5077b32a1', '01472eb4-b680-4f08-9e19-8690a9e3aef4', 60);
INSERT INTO "RecipeResult" ("Id", "RecipeId", "ProductionItemId", "ProducedPerMinute") VALUES ('febe8096-fad2-4368-8fb2-d9258ba3f964', '87be3c01-dec7-436f-90df-1bf5077b32a1', '15bccf69-9c55-413b-bf99-2858d7653f3f', 60);

INSERT INTO "Recipe" ("Id", "Name", "MadeIn") VALUES ('775cbdb2-0048-4f27-b25b-b16765435849', 'Liquid Biofuel', 6);
INSERT INTO "RecipeIngredient" ("Id", "RecipeId", "ProductionItemId", "RequiredPerMinute") VALUES ('4a786569-6109-4b10-95c9-f4006fd5a3a9', '775cbdb2-0048-4f27-b25b-b16765435849', '3ddc7b64-5a1a-48f1-b4e2-14457ad8bc77', 90);
INSERT INTO "RecipeIngredient" ("Id", "RecipeId", "ProductionItemId", "RequiredPerMinute") VALUES ('14156a82-b5e3-4606-b046-ab3238b5962b', '775cbdb2-0048-4f27-b25b-b16765435849', '0d2bbba9-8db0-4cdf-855a-dc1d9bb6bf7b', 45);
INSERT INTO "RecipeResult" ("Id", "RecipeId", "ProductionItemId", "ProducedPerMinute") VALUES ('1a4b6c35-109b-4973-8370-e94eaeb19023', '775cbdb2-0048-4f27-b25b-b16765435849', '03470a09-121e-41bb-9dc5-942201c0b1bc', 60);

INSERT INTO "Recipe" ("Id", "Name", "MadeIn") VALUES ('1c4159e7-ae76-4eec-bb35-3425bfe7ef36', 'Unpackage Liquid Biofuel', 7);
INSERT INTO "RecipeIngredient" ("Id", "RecipeId", "ProductionItemId", "RequiredPerMinute") VALUES ('80a483e9-01f1-4b43-8603-420a682ed567', '1c4159e7-ae76-4eec-bb35-3425bfe7ef36', 'ed4e5f4a-da1f-4623-a6f3-b9afa44fd51a', 60);
INSERT INTO "RecipeResult" ("Id", "RecipeId", "ProductionItemId", "ProducedPerMinute") VALUES ('244ef19d-4f61-492e-bacc-bf45b33a1049', '1c4159e7-ae76-4eec-bb35-3425bfe7ef36', '03470a09-121e-41bb-9dc5-942201c0b1bc', 60);
INSERT INTO "RecipeResult" ("Id", "RecipeId", "ProductionItemId", "ProducedPerMinute") VALUES ('cf6cdfa8-0285-4bb3-bfd8-c29d04d6d0c1', '1c4159e7-ae76-4eec-bb35-3425bfe7ef36', '15bccf69-9c55-413b-bf99-2858d7653f3f', 60);

INSERT INTO "Recipe" ("Id", "Name", "MadeIn") VALUES ('7a4cd1de-765d-4742-aa74-cc84606259e5', 'Turbofuel', 6);
INSERT INTO "RecipeIngredient" ("Id", "RecipeId", "ProductionItemId", "RequiredPerMinute") VALUES ('a6fdce50-cdbe-4413-a07d-d3d9da998512', '7a4cd1de-765d-4742-aa74-cc84606259e5', '01472eb4-b680-4f08-9e19-8690a9e3aef4', 22.5);
INSERT INTO "RecipeIngredient" ("Id", "RecipeId", "ProductionItemId", "RequiredPerMinute") VALUES ('030de1ae-d780-4752-9081-64c06a44a898', '7a4cd1de-765d-4742-aa74-cc84606259e5', '2af25498-23e7-44ac-a559-76963785c211', 15);
INSERT INTO "RecipeResult" ("Id", "RecipeId", "ProductionItemId", "ProducedPerMinute") VALUES ('096bf0d3-e981-4229-8bf5-fcfa07b39bc6', '7a4cd1de-765d-4742-aa74-cc84606259e5', 'dbd362ec-7ba8-49e8-84e9-bf83b871853a', 18.75);

INSERT INTO "Recipe" ("Id", "Name", "MadeIn") VALUES ('254c539e-ed65-4893-85b5-5ffcda69b590', 'Unpackage Turbofuel', 7);
INSERT INTO "RecipeIngredient" ("Id", "RecipeId", "ProductionItemId", "RequiredPerMinute") VALUES ('c1f7cd66-8294-416f-a8e4-eab15a410800', '254c539e-ed65-4893-85b5-5ffcda69b590', '6c057622-8b83-4798-a8fa-db1b6ba63a6b', 20);
INSERT INTO "RecipeResult" ("Id", "RecipeId", "ProductionItemId", "ProducedPerMinute") VALUES ('40f6af8e-2f19-4b73-abf6-315f9ff94966', '254c539e-ed65-4893-85b5-5ffcda69b590', 'dbd362ec-7ba8-49e8-84e9-bf83b871853a', 20);
INSERT INTO "RecipeResult" ("Id", "RecipeId", "ProductionItemId", "ProducedPerMinute") VALUES ('5cf52713-2cb3-4e07-b040-65ee5bc72087', '254c539e-ed65-4893-85b5-5ffcda69b590', '15bccf69-9c55-413b-bf99-2858d7653f3f', 20);

INSERT INTO "Recipe" ("Id", "Name", "MadeIn") VALUES ('3551ae98-cc01-407d-89bb-a83e750a600b', 'Sulfuric Acid', 6);
INSERT INTO "RecipeIngredient" ("Id", "RecipeId", "ProductionItemId", "RequiredPerMinute") VALUES ('bc2adef1-aaa7-452f-b085-794f64ccae52', '3551ae98-cc01-407d-89bb-a83e750a600b', '2ff52414-1041-4d16-b68e-efc253325b9b', 50);
INSERT INTO "RecipeIngredient" ("Id", "RecipeId", "ProductionItemId", "RequiredPerMinute") VALUES ('fc6096e6-78f4-4cfa-85fe-a9267fe602be', '3551ae98-cc01-407d-89bb-a83e750a600b', '0d2bbba9-8db0-4cdf-855a-dc1d9bb6bf7b', 50);
INSERT INTO "RecipeResult" ("Id", "RecipeId", "ProductionItemId", "ProducedPerMinute") VALUES ('e6781d33-2d89-4f49-84d3-78ab9a3ee120', '3551ae98-cc01-407d-89bb-a83e750a600b', 'ee513342-5416-42a3-9866-11f2cedf482d', 50);

INSERT INTO "Recipe" ("Id", "Name", "MadeIn") VALUES ('4cf25fee-d893-40c8-9ff9-f1ec648c7db0', 'Unpackage Sulfuric Acid', 7);
INSERT INTO "RecipeIngredient" ("Id", "RecipeId", "ProductionItemId", "RequiredPerMinute") VALUES ('5099d04b-2eea-426d-81c7-e751f78857e2', '4cf25fee-d893-40c8-9ff9-f1ec648c7db0', '01ff7f33-1b40-4b49-9f9e-3f54bc58ec61', 60);
INSERT INTO "RecipeResult" ("Id", "RecipeId", "ProductionItemId", "ProducedPerMinute") VALUES ('89329736-10f9-4a9c-b4f3-5aac762950b3', '4cf25fee-d893-40c8-9ff9-f1ec648c7db0', 'ee513342-5416-42a3-9866-11f2cedf482d', 60);
INSERT INTO "RecipeResult" ("Id", "RecipeId", "ProductionItemId", "ProducedPerMinute") VALUES ('5f277909-226e-4daf-b6a1-09542d98210a', '4cf25fee-d893-40c8-9ff9-f1ec648c7db0', '15bccf69-9c55-413b-bf99-2858d7653f3f', 60);

INSERT INTO "Recipe" ("Id", "Name", "MadeIn") VALUES ('adcd6ada-99b9-431d-8310-3220fc5b8212', 'Nitric Acid', 8);
INSERT INTO "RecipeIngredient" ("Id", "RecipeId", "ProductionItemId", "RequiredPerMinute") VALUES ('10d921de-75f9-4696-ac3a-79a28fc56716', 'adcd6ada-99b9-431d-8310-3220fc5b8212', '9eb028d9-3081-443c-a404-a23eab84e655', 120);
INSERT INTO "RecipeIngredient" ("Id", "RecipeId", "ProductionItemId", "RequiredPerMinute") VALUES ('88bc27e4-ba05-45f4-9d16-843a0da5ef64', 'adcd6ada-99b9-431d-8310-3220fc5b8212', '0d2bbba9-8db0-4cdf-855a-dc1d9bb6bf7b', 30);
INSERT INTO "RecipeIngredient" ("Id", "RecipeId", "ProductionItemId", "RequiredPerMinute") VALUES ('e46ae660-832e-4b98-9951-637d5353f60a', 'adcd6ada-99b9-431d-8310-3220fc5b8212', 'da97eb3b-6546-44c7-bca5-b40ed84d1125', 10);
INSERT INTO "RecipeResult" ("Id", "RecipeId", "ProductionItemId", "ProducedPerMinute") VALUES ('04a958eb-9edf-4dff-b0d7-32960eac4c57', 'adcd6ada-99b9-431d-8310-3220fc5b8212', '2af11634-1e00-41bd-9051-86fb018cada4', 30);

INSERT INTO "Recipe" ("Id", "Name", "MadeIn") VALUES ('211596ab-08ee-4cec-9e4f-782b9d06bf9a', 'Unpackage Nitric Acid', 7);
INSERT INTO "RecipeIngredient" ("Id", "RecipeId", "ProductionItemId", "RequiredPerMinute") VALUES ('dd4e6ea0-4f4b-481d-b3ec-21573fc826f7', '211596ab-08ee-4cec-9e4f-782b9d06bf9a', 'b2ab60bd-710c-4a6b-9202-02e318d707a7', 20);
INSERT INTO "RecipeResult" ("Id", "RecipeId", "ProductionItemId", "ProducedPerMinute") VALUES ('9687834e-41d6-460c-8396-1b27a9411425', '211596ab-08ee-4cec-9e4f-782b9d06bf9a', '2af11634-1e00-41bd-9051-86fb018cada4', 20);
INSERT INTO "RecipeResult" ("Id", "RecipeId", "ProductionItemId", "ProducedPerMinute") VALUES ('dc4648ca-32c9-4b05-8f12-edcd1ea7be18', '211596ab-08ee-4cec-9e4f-782b9d06bf9a', '2a6977d5-a841-49cb-86f1-e72248515e3c', 20);

-- GAS RECIPES
INSERT INTO "Recipe" ("Id", "Name", "MadeIn") VALUES ('99619edd-7b9f-4f6b-a65f-38cdc68c1f05', 'Unpackage Nitrogen Gas', 7);
INSERT INTO "RecipeIngredient" ("Id", "RecipeId", "ProductionItemId", "RequiredPerMinute") VALUES ('7ac5b1d0-034a-4725-81ab-e8a101edb706', '99619edd-7b9f-4f6b-a65f-38cdc68c1f05', 'e910fa9a-fec9-4411-8427-b872b01a6bd3', 60);
INSERT INTO "RecipeResult" ("Id", "RecipeId", "ProductionItemId", "ProducedPerMinute") VALUES ('9d049381-4376-455c-adc8-40d19af9fe46', '99619edd-7b9f-4f6b-a65f-38cdc68c1f05', '9eb028d9-3081-443c-a404-a23eab84e655', 240);
INSERT INTO "RecipeResult" ("Id", "RecipeId", "ProductionItemId", "ProducedPerMinute") VALUES ('bce81fe7-ce6d-49db-ac44-7ea5400dbff8', '99619edd-7b9f-4f6b-a65f-38cdc68c1f05', '2a6977d5-a841-49cb-86f1-e72248515e3c', 60);

-- STANDARD PARTS RECIPES
INSERT INTO "Recipe" ("Id", "Name", "MadeIn") VALUES ('e5338649-cd67-417d-818c-c15c9b4b434f', 'Iron Rod', 3);
INSERT INTO "RecipeIngredient" ("Id", "RecipeId", "ProductionItemId", "RequiredPerMinute") VALUES ('81b6d1c0-2136-420d-b9cf-a59e728f05fe', 'e5338649-cd67-417d-818c-c15c9b4b434f', '2d78437a-8152-4e9b-8df2-9e9b8f3fe91b', 15);
INSERT INTO "RecipeResult" ("Id", "RecipeId", "ProductionItemId", "ProducedPerMinute") VALUES ('6ff36901-e82b-464b-9c99-f7491c67c44c', 'e5338649-cd67-417d-818c-c15c9b4b434f', 'fa109bdd-840f-49d5-b12b-b2b8ac1b8834', 15);

INSERT INTO "Recipe" ("Id", "Name", "MadeIn") VALUES ('9961e533-16bd-42bf-9044-165167a85115', 'Screw', 3);
INSERT INTO "RecipeIngredient" ("Id", "RecipeId", "ProductionItemId", "RequiredPerMinute") VALUES ('49b12ba1-b5fa-4bd1-9704-d42023cecfcb', '9961e533-16bd-42bf-9044-165167a85115', 'fa109bdd-840f-49d5-b12b-b2b8ac1b8834', 10);
INSERT INTO "RecipeResult" ("Id", "RecipeId", "ProductionItemId", "ProducedPerMinute") VALUES ('1ea1d220-1769-4a0a-b701-593094d01b6b', '9961e533-16bd-42bf-9044-165167a85115', '65276ada-78c9-4bf2-9cbd-7655c75ee9ac', 40);

INSERT INTO "Recipe" ("Id", "Name", "MadeIn") VALUES ('1cb72062-3fcd-4041-b96a-089831318c13', 'Iron Plate', 3);
INSERT INTO "RecipeIngredient" ("Id", "RecipeId", "ProductionItemId", "RequiredPerMinute") VALUES ('3107df20-17b3-499d-9ec6-e72c0f1af21b', '1cb72062-3fcd-4041-b96a-089831318c13', '2d78437a-8152-4e9b-8df2-9e9b8f3fe91b', 30);
INSERT INTO "RecipeResult" ("Id", "RecipeId", "ProductionItemId", "ProducedPerMinute") VALUES ('2e789259-2116-4cab-87e0-ea3c1d085ec9', '1cb72062-3fcd-4041-b96a-089831318c13', 'da97eb3b-6546-44c7-bca5-b40ed84d1125', 20);

INSERT INTO "Recipe" ("Id", "Name", "MadeIn") VALUES ('f7561201-5d4e-4443-af3b-795b67f0b775', 'Reinforced Iron Plate', 4);
INSERT INTO "RecipeIngredient" ("Id", "RecipeId", "ProductionItemId", "RequiredPerMinute") VALUES ('c254668d-a569-4564-b67f-53a23f059381', 'f7561201-5d4e-4443-af3b-795b67f0b775', '65276ada-78c9-4bf2-9cbd-7655c75ee9ac', 60);
INSERT INTO "RecipeIngredient" ("Id", "RecipeId", "ProductionItemId", "RequiredPerMinute") VALUES ('2d631663-3124-4723-8d50-b7878353a6e0', 'f7561201-5d4e-4443-af3b-795b67f0b775', 'da97eb3b-6546-44c7-bca5-b40ed84d1125', 30);
INSERT INTO "RecipeResult" ("Id", "RecipeId", "ProductionItemId", "ProducedPerMinute") VALUES ('80539898-9f5a-4121-8331-1df8520def36', 'f7561201-5d4e-4443-af3b-795b67f0b775', '30ec735b-10f7-4070-8668-0ce633b78686', 5);

INSERT INTO "Recipe" ("Id", "Name", "MadeIn") VALUES ('4f34db0c-b7f3-4847-99fd-d62156f7f56e', 'Copper Sheet', 3);
INSERT INTO "RecipeIngredient" ("Id", "RecipeId", "ProductionItemId", "RequiredPerMinute") VALUES ('1cbda5aa-5192-489e-9600-4b4707773036', '4f34db0c-b7f3-4847-99fd-d62156f7f56e', '96d0af82-d8e3-4d57-b2fd-ab2b16a24f17', 20);
INSERT INTO "RecipeResult" ("Id", "RecipeId", "ProductionItemId", "ProducedPerMinute") VALUES ('a9166813-e973-43f3-b6f9-1a27126c9083', '4f34db0c-b7f3-4847-99fd-d62156f7f56e', 'ec7d0ffa-3215-4246-8144-ed32683ca927', 10);

INSERT INTO "Recipe" ("Id", "Name", "MadeIn") VALUES ('5e2538f1-8dc2-4f44-bb24-334472100bcc', 'Alclad Aluminum Sheet', 4);
INSERT INTO "RecipeIngredient" ("Id", "RecipeId", "ProductionItemId", "RequiredPerMinute") VALUES ('96626cf2-3561-4441-bd3e-0c96ff151a8a', '5e2538f1-8dc2-4f44-bb24-334472100bcc', '5b2ba98e-bfa1-43ea-a211-42fe9977fbe4', 30);
INSERT INTO "RecipeIngredient" ("Id", "RecipeId", "ProductionItemId", "RequiredPerMinute") VALUES ('3a9395b4-1b37-4d15-841a-76fd41ed60bf', '5e2538f1-8dc2-4f44-bb24-334472100bcc', '96d0af82-d8e3-4d57-b2fd-ab2b16a24f17', 10);
INSERT INTO "RecipeResult" ("Id", "RecipeId", "ProductionItemId", "ProducedPerMinute") VALUES ('d92db733-4d05-4aa9-a10f-fcfeaad2ea49', '5e2538f1-8dc2-4f44-bb24-334472100bcc', '5b555c71-6096-4722-9d4f-1960bf6e75e8', 30);

INSERT INTO "Recipe" ("Id", "Name", "MadeIn") VALUES ('1421d02e-ea27-49c8-95c5-1f98e1b42140', 'Aluminum Casing', 3);
INSERT INTO "RecipeIngredient" ("Id", "RecipeId", "ProductionItemId", "RequiredPerMinute") VALUES ('7c1e783c-4346-4c72-8c5b-234beccfc112', '1421d02e-ea27-49c8-95c5-1f98e1b42140', '5b2ba98e-bfa1-43ea-a211-42fe9977fbe4', 90);
INSERT INTO "RecipeResult" ("Id", "RecipeId", "ProductionItemId", "ProducedPerMinute") VALUES ('12e10398-6911-448e-a4f6-8ba6c03c7682', '1421d02e-ea27-49c8-95c5-1f98e1b42140', '86053b5f-692d-4876-810b-b7eb32018a70', 60);

INSERT INTO "Recipe" ("Id", "Name", "MadeIn") VALUES ('c575e940-906b-4dfc-9d36-dd5c33c5cdf8', 'Steel Pipe', 3);
INSERT INTO "RecipeIngredient" ("Id", "RecipeId", "ProductionItemId", "RequiredPerMinute") VALUES ('85360e31-29d6-4dfa-9cb2-a3a40dda7d17', 'c575e940-906b-4dfc-9d36-dd5c33c5cdf8', 'c1bc6f2a-5143-4fa9-a0c6-c9905afa98c0', 30);
INSERT INTO "RecipeResult" ("Id", "RecipeId", "ProductionItemId", "ProducedPerMinute") VALUES ('e98c08a5-22a6-438c-98f6-feb8af0f84b5', 'c575e940-906b-4dfc-9d36-dd5c33c5cdf8', 'be34591f-e6bf-49ac-a9b2-6d56a59422cf', 20);

INSERT INTO "Recipe" ("Id", "Name", "MadeIn") VALUES ('c3a8d8f8-3de9-46c2-bfcb-41e05b9e2699', 'Steel Beam', 3);
INSERT INTO "RecipeIngredient" ("Id", "RecipeId", "ProductionItemId", "RequiredPerMinute") VALUES ('25c5becf-c84c-4463-8146-1d43adeb12ff', 'c3a8d8f8-3de9-46c2-bfcb-41e05b9e2699', 'c1bc6f2a-5143-4fa9-a0c6-c9905afa98c0', 60);
INSERT INTO "RecipeResult" ("Id", "RecipeId", "ProductionItemId", "ProducedPerMinute") VALUES ('1b71735f-0edb-4147-8363-01902bdefde7', 'c3a8d8f8-3de9-46c2-bfcb-41e05b9e2699', 'ae0a493b-e348-48ee-858f-52fde2dad5a7', 15);

INSERT INTO "Recipe" ("Id", "Name", "MadeIn") VALUES ('3e978157-d006-466f-ae3e-89b99ba1ec87', 'Encased Industrial Beam', 4);
INSERT INTO "RecipeIngredient" ("Id", "RecipeId", "ProductionItemId", "RequiredPerMinute") VALUES ('b5ea91d5-eb42-425c-b13e-341a075e6da2', '3e978157-d006-466f-ae3e-89b99ba1ec87', 'ae0a493b-e348-48ee-858f-52fde2dad5a7', 24);
INSERT INTO "RecipeIngredient" ("Id", "RecipeId", "ProductionItemId", "RequiredPerMinute") VALUES ('e74c90b7-9123-45a0-b94a-65a767aeaa31', '3e978157-d006-466f-ae3e-89b99ba1ec87', 'e9978ec3-b882-40cf-8e93-a94936e66029', 30);
INSERT INTO "RecipeResult" ("Id", "RecipeId", "ProductionItemId", "ProducedPerMinute") VALUES ('8d113d5e-43f3-42f5-a02d-9df990dba516', '3e978157-d006-466f-ae3e-89b99ba1ec87', '3d9c502e-7825-4dc8-ae31-91b144ffb7fa', 6);

INSERT INTO "Recipe" ("Id", "Name", "MadeIn") VALUES ('41f09351-379c-4b5f-9433-c9c36a773fc6', 'Modular Frame', 4);
INSERT INTO "RecipeIngredient" ("Id", "RecipeId", "ProductionItemId", "RequiredPerMinute") VALUES ('6f20be71-8afb-4972-80a9-1bfed91a554b', '41f09351-379c-4b5f-9433-c9c36a773fc6', '30ec735b-10f7-4070-8668-0ce633b78686', 3);
INSERT INTO "RecipeIngredient" ("Id", "RecipeId", "ProductionItemId", "RequiredPerMinute") VALUES ('06f7f4e9-9a77-42a3-9aa1-f27772b9b82c', '41f09351-379c-4b5f-9433-c9c36a773fc6', 'fa109bdd-840f-49d5-b12b-b2b8ac1b8834', 12);
INSERT INTO "RecipeResult" ("Id", "RecipeId", "ProductionItemId", "ProducedPerMinute") VALUES ('b43eed94-dcc8-4b45-94f0-760bc4f1164d', '41f09351-379c-4b5f-9433-c9c36a773fc6', '5ef1b273-a762-439b-aa60-50d9e4339544', 2);

INSERT INTO "Recipe" ("Id", "Name", "MadeIn") VALUES ('3cc96fd8-c37e-48ed-b3ee-3a495b6beb5a', 'Heavy Modular Frame', 5);
INSERT INTO "RecipeIngredient" ("Id", "RecipeId", "ProductionItemId", "RequiredPerMinute") VALUES ('f7323824-b5b0-46a0-8075-e9cd925e3e5d', '3cc96fd8-c37e-48ed-b3ee-3a495b6beb5a', '5ef1b273-a762-439b-aa60-50d9e4339544', 10);
INSERT INTO "RecipeIngredient" ("Id", "RecipeId", "ProductionItemId", "RequiredPerMinute") VALUES ('2efd1a30-29f1-4777-8f39-150389f2d00b', '3cc96fd8-c37e-48ed-b3ee-3a495b6beb5a', 'be34591f-e6bf-49ac-a9b2-6d56a59422cf', 30);
INSERT INTO "RecipeIngredient" ("Id", "RecipeId", "ProductionItemId", "RequiredPerMinute") VALUES ('dab6d9bd-77f1-4d77-bf07-5f1347554053', '3cc96fd8-c37e-48ed-b3ee-3a495b6beb5a', '3d9c502e-7825-4dc8-ae31-91b144ffb7fa', 10);
INSERT INTO "RecipeIngredient" ("Id", "RecipeId", "ProductionItemId", "RequiredPerMinute") VALUES ('1151785a-40e4-4330-8a13-80abfefe69ea', '3cc96fd8-c37e-48ed-b3ee-3a495b6beb5a', '65276ada-78c9-4bf2-9cbd-7655c75ee9ac', 200);
INSERT INTO "RecipeResult" ("Id", "RecipeId", "ProductionItemId", "ProducedPerMinute") VALUES ('953d952f-ae05-4964-9a22-26156864b88c', '3cc96fd8-c37e-48ed-b3ee-3a495b6beb5a', '91bc0af9-9330-4243-a733-263a7c491efc', 2);

INSERT INTO "Recipe" ("Id", "Name", "MadeIn") VALUES ('064a6f94-dfd2-43a1-9033-d777dc8a4b8c', 'Fused Modular Frame', 8);
INSERT INTO "RecipeIngredient" ("Id", "RecipeId", "ProductionItemId", "RequiredPerMinute") VALUES ('381adf82-c6ee-4120-872b-669f5ecd2c2f', '064a6f94-dfd2-43a1-9033-d777dc8a4b8c', '91bc0af9-9330-4243-a733-263a7c491efc', 1.5);
INSERT INTO "RecipeIngredient" ("Id", "RecipeId", "ProductionItemId", "RequiredPerMinute") VALUES ('9f3a0586-3b5a-4734-ab23-39c25c62d939', '064a6f94-dfd2-43a1-9033-d777dc8a4b8c', '86053b5f-692d-4876-810b-b7eb32018a70', 75);
INSERT INTO "RecipeIngredient" ("Id", "RecipeId", "ProductionItemId", "RequiredPerMinute") VALUES ('4f255b10-cb43-4443-b6ca-840293c06813', '064a6f94-dfd2-43a1-9033-d777dc8a4b8c', '9eb028d9-3081-443c-a404-a23eab84e655', 37.5);
INSERT INTO "RecipeResult" ("Id", "RecipeId", "ProductionItemId", "ProducedPerMinute") VALUES ('9f0da655-9581-450e-a920-aec43752d0ef', '064a6f94-dfd2-43a1-9033-d777dc8a4b8c', '780a0ead-b6fe-4c3e-8707-48321e18d43b', 1.5);

INSERT INTO "Recipe" ("Id", "Name", "MadeIn") VALUES ('8fe5a5c9-a270-49e2-87a9-6079151a7889', 'Fabric', 4);
INSERT INTO "RecipeIngredient" ("Id", "RecipeId", "ProductionItemId", "RequiredPerMinute") VALUES ('50afd264-c125-4094-9e18-540899724e91', '8fe5a5c9-a270-49e2-87a9-6079151a7889', '2a6c9406-5bdc-46b9-8bbd-0fcf5fee44cb', 15);
INSERT INTO "RecipeIngredient" ("Id", "RecipeId", "ProductionItemId", "RequiredPerMinute") VALUES ('77f1e764-4847-4f45-9bd0-c1342b0b5ff8', '8fe5a5c9-a270-49e2-87a9-6079151a7889', 'ee5135ef-995f-4a14-bd51-1d5b0b4eaa50', 75);
INSERT INTO "RecipeResult" ("Id", "RecipeId", "ProductionItemId", "ProducedPerMinute") VALUES ('950ed85e-6f3c-4b52-93a0-9d2d6d091f10', '8fe5a5c9-a270-49e2-87a9-6079151a7889', 'b65bbfe4-c24a-42e1-abbf-3ba5af4eda8e', 15);

INSERT INTO "Recipe" ("Id", "Name", "MadeIn") VALUES ('db76872d-b73a-47ac-bdb3-d1833900eaf6', 'Plastic', 6);
INSERT INTO "RecipeIngredient" ("Id", "RecipeId", "ProductionItemId", "RequiredPerMinute") VALUES ('276120e6-502d-40d0-b583-f6bfbfbf163c', 'db76872d-b73a-47ac-bdb3-d1833900eaf6', '60cc959c-3782-42ba-ab4b-e3ddaf4da6bd', 30);
INSERT INTO "RecipeResult" ("Id", "RecipeId", "ProductionItemId", "ProducedPerMinute") VALUES ('993554c8-7c29-48a8-9723-45b3a3380e7f', 'db76872d-b73a-47ac-bdb3-d1833900eaf6', '03ab8a1b-6e94-406b-b362-31938e984e2d', 10);
INSERT INTO "RecipeResult" ("Id", "RecipeId", "ProductionItemId", "ProducedPerMinute") VALUES ('f28d4c88-238e-4ed0-932d-f283971384d3', 'db76872d-b73a-47ac-bdb3-d1833900eaf6', '0be9af4f-1e82-4fb5-b31d-35bce21769aa', 20);

INSERT INTO "Recipe" ("Id", "Name", "MadeIn") VALUES ('49244376-f384-44e3-a14a-2eec871ea283', 'Rubber', 6);
INSERT INTO "RecipeIngredient" ("Id", "RecipeId", "ProductionItemId", "RequiredPerMinute") VALUES ('c0e55eb4-fe55-426d-a92e-b5429e5b08c1', '49244376-f384-44e3-a14a-2eec871ea283', '60cc959c-3782-42ba-ab4b-e3ddaf4da6bd', 30);
INSERT INTO "RecipeResult" ("Id", "RecipeId", "ProductionItemId", "ProducedPerMinute") VALUES ('0ef4cef2-03d4-4b6e-bf74-c72475054570', '49244376-f384-44e3-a14a-2eec871ea283', 'd84628e4-c85e-4c84-a136-32441a40a89e', 20);
INSERT INTO "RecipeResult" ("Id", "RecipeId", "ProductionItemId", "ProducedPerMinute") VALUES ('c25d3da8-3536-4b8c-86fc-3cf914826d13', '49244376-f384-44e3-a14a-2eec871ea283', '03ab8a1b-6e94-406b-b362-31938e984e2d', 20);

-- INDUSTRIAL PARTS
INSERT INTO "Recipe" ("Id", "Name", "MadeIn") VALUES ('4fec75ab-3124-4629-bf16-f1f6e315c841', 'Rotor', 4);
INSERT INTO "RecipeIngredient" ("Id", "RecipeId", "ProductionItemId", "RequiredPerMinute") VALUES ('930eab42-1414-4d1c-89c7-98ef865cc941', '4fec75ab-3124-4629-bf16-f1f6e315c841', 'fa109bdd-840f-49d5-b12b-b2b8ac1b8834', 20);
INSERT INTO "RecipeIngredient" ("Id", "RecipeId", "ProductionItemId", "RequiredPerMinute") VALUES ('94ff83bd-5196-442c-9aa5-b1bd617e0097', '4fec75ab-3124-4629-bf16-f1f6e315c841', '65276ada-78c9-4bf2-9cbd-7655c75ee9ac', 100);
INSERT INTO "RecipeResult" ("Id", "RecipeId", "ProductionItemId", "ProducedPerMinute") VALUES ('733bbc5e-e9dd-4bc5-88ec-eb4d04042ee0', '4fec75ab-3124-4629-bf16-f1f6e315c841', '7c63a989-5db7-4701-a259-e44f8d88803d', 4);

INSERT INTO "Recipe" ("Id", "Name", "MadeIn") VALUES ('2a58006d-ef6f-4e25-a408-eb53dd69af28', 'Stator', 4);
INSERT INTO "RecipeIngredient" ("Id", "RecipeId", "ProductionItemId", "RequiredPerMinute") VALUES ('b8bcdaaf-cc4f-472b-8491-810157849f38', '2a58006d-ef6f-4e25-a408-eb53dd69af28', 'be34591f-e6bf-49ac-a9b2-6d56a59422cf', 15);
INSERT INTO "RecipeIngredient" ("Id", "RecipeId", "ProductionItemId", "RequiredPerMinute") VALUES ('e09b400a-bcb9-4021-afe9-968641d70722', '2a58006d-ef6f-4e25-a408-eb53dd69af28', '2e4298f8-f281-42e8-83c7-183f04c60bdd', 40);
INSERT INTO "RecipeResult" ("Id", "RecipeId", "ProductionItemId", "ProducedPerMinute") VALUES ('56bed29a-70a5-4c07-ab2c-cf019454a1ba', '2a58006d-ef6f-4e25-a408-eb53dd69af28', 'd7cac322-057a-41af-8ca0-28cb0ad221fc', 5);

INSERT INTO "Recipe" ("Id", "Name", "MadeIn") VALUES ('2639f1ca-329c-4dfc-8c2a-dde8a2f83762', 'Battery', 8);
INSERT INTO "RecipeIngredient" ("Id", "RecipeId", "ProductionItemId", "RequiredPerMinute") VALUES ('02b4b05c-3571-431a-98bb-9e26e1a7f584', '2639f1ca-329c-4dfc-8c2a-dde8a2f83762', 'ee513342-5416-42a3-9866-11f2cedf482d', 50);
INSERT INTO "RecipeIngredient" ("Id", "RecipeId", "ProductionItemId", "RequiredPerMinute") VALUES ('a5fa0b5d-0fb1-477b-8d5c-39b2582371a4', '2639f1ca-329c-4dfc-8c2a-dde8a2f83762', '48bf8676-96cb-40e1-a367-ee6a4d50603f', 40);
INSERT INTO "RecipeIngredient" ("Id", "RecipeId", "ProductionItemId", "RequiredPerMinute") VALUES ('3336cbd4-53ed-469f-ad87-d88dfe9091c3', '2639f1ca-329c-4dfc-8c2a-dde8a2f83762', '86053b5f-692d-4876-810b-b7eb32018a70', 20);
INSERT INTO "RecipeResult" ("Id", "RecipeId", "ProductionItemId", "ProducedPerMinute") VALUES ('cd71d957-f366-4b68-9063-ba36639d5b25', '2639f1ca-329c-4dfc-8c2a-dde8a2f83762', 'e748aba0-b7fb-4ba1-ba98-65f81d2438dd', 20);
INSERT INTO "RecipeResult" ("Id", "RecipeId", "ProductionItemId", "ProducedPerMinute") VALUES ('376d70ef-cb95-48a0-82a0-f424c969a76c', '2639f1ca-329c-4dfc-8c2a-dde8a2f83762', '0d2bbba9-8db0-4cdf-855a-dc1d9bb6bf7b', 30);

INSERT INTO "Recipe" ("Id", "Name", "MadeIn") VALUES ('7c2ff5c5-8228-4b12-94d7-912d404bd1f2', 'Motor', 4);
INSERT INTO "RecipeIngredient" ("Id", "RecipeId", "ProductionItemId", "RequiredPerMinute") VALUES ('f1dd060b-227d-453c-a99b-947e8d402a67', '7c2ff5c5-8228-4b12-94d7-912d404bd1f2', '7c63a989-5db7-4701-a259-e44f8d88803d', 10);
INSERT INTO "RecipeIngredient" ("Id", "RecipeId", "ProductionItemId", "RequiredPerMinute") VALUES ('854caa5c-98e7-4fc4-97a3-25afe6b156cc', '7c2ff5c5-8228-4b12-94d7-912d404bd1f2', 'd7cac322-057a-41af-8ca0-28cb0ad221fc', 10);
INSERT INTO "RecipeResult" ("Id", "RecipeId", "ProductionItemId", "ProducedPerMinute") VALUES ('612fabce-0828-43e4-b775-ed503968a3a4', '7c2ff5c5-8228-4b12-94d7-912d404bd1f2', '710b2676-395d-405b-b235-64fd1e1377d2', 5);

INSERT INTO "Recipe" ("Id", "Name", "MadeIn") VALUES ('e51e4176-e697-4366-8236-c8a857da55a3', 'Heat Sink', 4);
INSERT INTO "RecipeIngredient" ("Id", "RecipeId", "ProductionItemId", "RequiredPerMinute") VALUES ('a0bed521-162f-49b6-8f56-ae3266c7ad81', 'e51e4176-e697-4366-8236-c8a857da55a3', '5b555c71-6096-4722-9d4f-1960bf6e75e8', 37.5);
INSERT INTO "RecipeIngredient" ("Id", "RecipeId", "ProductionItemId", "RequiredPerMinute") VALUES ('1f889ab1-9b10-47b8-8e25-dcdb31a05617', 'e51e4176-e697-4366-8236-c8a857da55a3', 'ec7d0ffa-3215-4246-8144-ed32683ca927', 22.5);
INSERT INTO "RecipeResult" ("Id", "RecipeId", "ProductionItemId", "ProducedPerMinute") VALUES ('7616e2db-18fb-4e0c-9f4b-fd934f8cb813', 'e51e4176-e697-4366-8236-c8a857da55a3', '1ab44fe6-657c-4da2-9b2e-97c9d6e8c4ef', 7.5);

INSERT INTO "Recipe" ("Id", "Name", "MadeIn") VALUES ('315e8238-d652-4d16-afc8-979dd30998ad', 'Cooling System', 8);
INSERT INTO "RecipeIngredient" ("Id", "RecipeId", "ProductionItemId", "RequiredPerMinute") VALUES ('a8032fb3-6750-4f47-af3b-934d49ccb22e', '315e8238-d652-4d16-afc8-979dd30998ad', '1ab44fe6-657c-4da2-9b2e-97c9d6e8c4ef', 12);
INSERT INTO "RecipeIngredient" ("Id", "RecipeId", "ProductionItemId", "RequiredPerMinute") VALUES ('d1af14c8-fc40-4ef8-9487-a657f7bf491e', '315e8238-d652-4d16-afc8-979dd30998ad', 'd84628e4-c85e-4c84-a136-32441a40a89e', 12);
INSERT INTO "RecipeIngredient" ("Id", "RecipeId", "ProductionItemId", "RequiredPerMinute") VALUES ('a506efcd-67eb-4379-bedd-d0d81dd5f5d9', '315e8238-d652-4d16-afc8-979dd30998ad', '0d2bbba9-8db0-4cdf-855a-dc1d9bb6bf7b', 30);
INSERT INTO "RecipeIngredient" ("Id", "RecipeId", "ProductionItemId", "RequiredPerMinute") VALUES ('b011bdf9-4b8e-403f-9be4-a4ff01d23b49', '315e8238-d652-4d16-afc8-979dd30998ad', '9eb028d9-3081-443c-a404-a23eab84e655', 150);
INSERT INTO "RecipeResult" ("Id", "RecipeId", "ProductionItemId", "ProducedPerMinute") VALUES ('5fd847f3-1e68-4e0c-a84a-57f325f24ea7', '315e8238-d652-4d16-afc8-979dd30998ad', 'ab3fb3b2-d551-4bb1-9bc3-86624a17d8a9', 6);

INSERT INTO "Recipe" ("Id", "Name", "MadeIn") VALUES ('33c2870a-092c-46fe-a11c-03e025a0f1ba', 'Turbo Motor', 5);
INSERT INTO "RecipeIngredient" ("Id", "RecipeId", "ProductionItemId", "RequiredPerMinute") VALUES ('4fc8fa73-79c3-42a4-95b2-a415a2f62e65', '33c2870a-092c-46fe-a11c-03e025a0f1ba', 'ab3fb3b2-d551-4bb1-9bc3-86624a17d8a9', 7.5);
INSERT INTO "RecipeIngredient" ("Id", "RecipeId", "ProductionItemId", "RequiredPerMinute") VALUES ('fdab4dac-14ac-4086-8db2-8244c83c95e5', '33c2870a-092c-46fe-a11c-03e025a0f1ba', '7fe500f8-db06-4107-a039-ce6a8a7b2e68', 3.75);
INSERT INTO "RecipeIngredient" ("Id", "RecipeId", "ProductionItemId", "RequiredPerMinute") VALUES ('18e661be-852b-4c79-a3d6-5158e46ed4c5', '33c2870a-092c-46fe-a11c-03e025a0f1ba', '710b2676-395d-405b-b235-64fd1e1377d2', 7.5);
INSERT INTO "RecipeIngredient" ("Id", "RecipeId", "ProductionItemId", "RequiredPerMinute") VALUES ('c976dce9-9b9d-497c-b27e-96e567b4e3b0', '33c2870a-092c-46fe-a11c-03e025a0f1ba', 'd84628e4-c85e-4c84-a136-32441a40a89e', 45);
INSERT INTO "RecipeResult" ("Id", "RecipeId", "ProductionItemId", "ProducedPerMinute") VALUES ('2de4af3f-d424-4f5c-90cd-343d983f7ea6', '33c2870a-092c-46fe-a11c-03e025a0f1ba', '7256a374-b25b-4e2f-b042-252f5cbb7f09', 1.875);

-- ELECTRONIC RECIPES
INSERT INTO "Recipe" ("Id", "Name", "MadeIn") VALUES ('d2261873-ecad-48a7-a603-335aa6edaf01', 'Wire', 3);
INSERT INTO "RecipeIngredient" ("Id", "RecipeId", "ProductionItemId", "RequiredPerMinute") VALUES ('7f5032c7-29e9-4750-b104-df4d27abb07f', 'd2261873-ecad-48a7-a603-335aa6edaf01', '96d0af82-d8e3-4d57-b2fd-ab2b16a24f17', 15);
INSERT INTO "RecipeResult" ("Id", "RecipeId", "ProductionItemId", "ProducedPerMinute") VALUES ('d1829eb1-aaeb-44d2-8733-e4039c20e724', 'd2261873-ecad-48a7-a603-335aa6edaf01', '2e4298f8-f281-42e8-83c7-183f04c60bdd', 30);

INSERT INTO "Recipe" ("Id", "Name", "MadeIn") VALUES ('6dd3f8f9-7883-44ff-a1b5-c769922ce1b6', 'Cable', 3);
INSERT INTO "RecipeIngredient" ("Id", "RecipeId", "ProductionItemId", "RequiredPerMinute") VALUES ('f2add1f5-db9a-4127-9a52-194aedefe4cd', '6dd3f8f9-7883-44ff-a1b5-c769922ce1b6', '2e4298f8-f281-42e8-83c7-183f04c60bdd', 60);
INSERT INTO "RecipeResult" ("Id", "RecipeId", "ProductionItemId", "ProducedPerMinute") VALUES ('100f1ad0-915c-4482-b1d8-6fd4e26cb674', '6dd3f8f9-7883-44ff-a1b5-c769922ce1b6', '70fecdf3-c0f9-437f-8822-41bf0e9ff435', 30);

INSERT INTO "Recipe" ("Id", "Name", "MadeIn") VALUES ('ee204988-e931-4258-8173-9b8490797ae6', 'Quickwire', 3);
INSERT INTO "RecipeIngredient" ("Id", "RecipeId", "ProductionItemId", "RequiredPerMinute") VALUES ('443bc9e2-15ac-4ac2-baca-4ff51a249312', 'ee204988-e931-4258-8173-9b8490797ae6', '067b5427-8cf8-4b09-aadf-b3ecaf1aa333', 12);
INSERT INTO "RecipeResult" ("Id", "RecipeId", "ProductionItemId", "ProducedPerMinute") VALUES ('958840ff-6334-430a-aaeb-c9ffe9630b70', 'ee204988-e931-4258-8173-9b8490797ae6', '0efee9ac-e5c6-477c-a623-d2cc43efe55b', 60);

INSERT INTO "Recipe" ("Id", "Name", "MadeIn") VALUES ('4d3c9307-1004-47e1-ad93-0917d35a6bb6', 'Circuit Board', 4);
INSERT INTO "RecipeIngredient" ("Id", "RecipeId", "ProductionItemId", "RequiredPerMinute") VALUES ('be2bde4a-476c-4023-a834-f42994657a68', '4d3c9307-1004-47e1-ad93-0917d35a6bb6', 'ec7d0ffa-3215-4246-8144-ed32683ca927', 15);
INSERT INTO "RecipeIngredient" ("Id", "RecipeId", "ProductionItemId", "RequiredPerMinute") VALUES ('888d1530-cc6d-4e46-918a-fdb54466734a', '4d3c9307-1004-47e1-ad93-0917d35a6bb6', '0be9af4f-1e82-4fb5-b31d-35bce21769aa', 30);
INSERT INTO "RecipeResult" ("Id", "RecipeId", "ProductionItemId", "ProducedPerMinute") VALUES ('aa76ef0d-679d-475d-abbf-ab77c94bf18c', '4d3c9307-1004-47e1-ad93-0917d35a6bb6', '17666ba2-83ae-41f0-b021-bdd1187f9b6c', 7.5);

INSERT INTO "Recipe" ("Id", "Name", "MadeIn") VALUES ('566e4e81-137a-4a95-9e32-793001236acd', 'AI Limiter', 4);
INSERT INTO "RecipeIngredient" ("Id", "RecipeId", "ProductionItemId", "RequiredPerMinute") VALUES ('bb6405c4-3e77-4948-af25-2998557469f7', '566e4e81-137a-4a95-9e32-793001236acd', 'ec7d0ffa-3215-4246-8144-ed32683ca927', 25);
INSERT INTO "RecipeIngredient" ("Id", "RecipeId", "ProductionItemId", "RequiredPerMinute") VALUES ('b185adbf-9e82-4298-91ec-ce214a8ce038', '566e4e81-137a-4a95-9e32-793001236acd', '0efee9ac-e5c6-477c-a623-d2cc43efe55b', 100);
INSERT INTO "RecipeResult" ("Id", "RecipeId", "ProductionItemId", "ProducedPerMinute") VALUES ('9191f820-2cca-41f3-83c3-2d7aada97eb6', '566e4e81-137a-4a95-9e32-793001236acd', 'd99200f3-b141-4238-be9d-c9ec633fda7b', 5);

INSERT INTO "Recipe" ("Id", "Name", "MadeIn") VALUES ('f7769a2e-3107-4922-9bfe-70daf1e15510', 'High-Speed Connector', 5);
INSERT INTO "RecipeIngredient" ("Id", "RecipeId", "ProductionItemId", "RequiredPerMinute") VALUES ('09115c57-01c9-4ac1-bd1b-ad4c32b37d1d', 'f7769a2e-3107-4922-9bfe-70daf1e15510', '0efee9ac-e5c6-477c-a623-d2cc43efe55b', 210);
INSERT INTO "RecipeIngredient" ("Id", "RecipeId", "ProductionItemId", "RequiredPerMinute") VALUES ('e342c043-fb0a-4209-9f46-99db338b38aa', 'f7769a2e-3107-4922-9bfe-70daf1e15510', '70fecdf3-c0f9-437f-8822-41bf0e9ff435', 37.5);
INSERT INTO "RecipeIngredient" ("Id", "RecipeId", "ProductionItemId", "RequiredPerMinute") VALUES ('ec426f98-e26d-4b70-90b6-078ef15eeed9', 'f7769a2e-3107-4922-9bfe-70daf1e15510', '17666ba2-83ae-41f0-b021-bdd1187f9b6c', 3.75);
INSERT INTO "RecipeResult" ("Id", "RecipeId", "ProductionItemId", "ProducedPerMinute") VALUES ('785ee987-eeb0-4ec2-a1f8-dd8b9edb17da', 'f7769a2e-3107-4922-9bfe-70daf1e15510', '0b614cb1-e391-4439-ade3-d21a41b64a07', 3.75);

-- COMMUNICATIONS RECIPES
INSERT INTO "Recipe" ("Id", "Name", "MadeIn") VALUES ('a41e484b-33a5-42a7-8f42-049c650bf0dc', 'Computer', 5);
INSERT INTO "RecipeIngredient" ("Id", "RecipeId", "ProductionItemId", "RequiredPerMinute") VALUES ('0b7f47e0-517c-49ea-b607-f7f781110026', 'a41e484b-33a5-42a7-8f42-049c650bf0dc', '17666ba2-83ae-41f0-b021-bdd1187f9b6c', 25);
INSERT INTO "RecipeIngredient" ("Id", "RecipeId", "ProductionItemId", "RequiredPerMinute") VALUES ('432a067e-4eae-4300-8278-f73ec9fda2f5', 'a41e484b-33a5-42a7-8f42-049c650bf0dc', '70fecdf3-c0f9-437f-8822-41bf0e9ff435', 22.5);
INSERT INTO "RecipeIngredient" ("Id", "RecipeId", "ProductionItemId", "RequiredPerMinute") VALUES ('0f1ca605-95d8-4af3-a0d0-a19454b8bfa4', 'a41e484b-33a5-42a7-8f42-049c650bf0dc', '0be9af4f-1e82-4fb5-b31d-35bce21769aa', 45);
INSERT INTO "RecipeIngredient" ("Id", "RecipeId", "ProductionItemId", "RequiredPerMinute") VALUES ('97c0bd8e-4d87-483e-8b89-45f91f20b471', 'a41e484b-33a5-42a7-8f42-049c650bf0dc', '65276ada-78c9-4bf2-9cbd-7655c75ee9ac', 130);
INSERT INTO "RecipeResult" ("Id", "RecipeId", "ProductionItemId", "ProducedPerMinute") VALUES ('a852f3a5-3ffc-4532-9f07-33921e3abd0f', 'a41e484b-33a5-42a7-8f42-049c650bf0dc', '5dbe02d2-a6b0-4b05-94d9-8a559d058f85', 2.5);

INSERT INTO "Recipe" ("Id", "Name", "MadeIn") VALUES ('ae358a0b-4ac6-4bff-b976-f1dd79648609', 'Supercomputer', 5);
INSERT INTO "RecipeIngredient" ("Id", "RecipeId", "ProductionItemId", "RequiredPerMinute") VALUES ('8200d4d7-1f86-4049-8987-2e83e409b931', 'ae358a0b-4ac6-4bff-b976-f1dd79648609', '5dbe02d2-a6b0-4b05-94d9-8a559d058f85', 3.75);
INSERT INTO "RecipeIngredient" ("Id", "RecipeId", "ProductionItemId", "RequiredPerMinute") VALUES ('5625b150-a7fb-4a26-977d-1a4c7457a610', 'ae358a0b-4ac6-4bff-b976-f1dd79648609', 'd99200f3-b141-4238-be9d-c9ec633fda7b', 3.75);
INSERT INTO "RecipeIngredient" ("Id", "RecipeId", "ProductionItemId", "RequiredPerMinute") VALUES ('2034e135-59ed-4380-833c-f0e6e9ba7b20', 'ae358a0b-4ac6-4bff-b976-f1dd79648609', '0b614cb1-e391-4439-ade3-d21a41b64a07', 5.625);
INSERT INTO "RecipeIngredient" ("Id", "RecipeId", "ProductionItemId", "RequiredPerMinute") VALUES ('765a3cfa-4de9-4e3e-b556-805ea85861fa', 'ae358a0b-4ac6-4bff-b976-f1dd79648609', '0be9af4f-1e82-4fb5-b31d-35bce21769aa', 52.5);
INSERT INTO "RecipeResult" ("Id", "RecipeId", "ProductionItemId", "ProducedPerMinute") VALUES ('b1328850-b941-4fb5-a7d8-532973b682ba', 'ae358a0b-4ac6-4bff-b976-f1dd79648609', '6adee73d-3b3e-4e2c-a4f5-34961bf26a74', 1.875);

INSERT INTO "Recipe" ("Id", "Name", "MadeIn") VALUES ('47fb8c9d-80f6-44d3-a91e-4f4b89a1e05d', 'Radio Control Unit', 5);
INSERT INTO "RecipeIngredient" ("Id", "RecipeId", "ProductionItemId", "RequiredPerMinute") VALUES ('ff01e5ce-203a-4124-bf73-e6fd767ef80a', '47fb8c9d-80f6-44d3-a91e-4f4b89a1e05d', '86053b5f-692d-4876-810b-b7eb32018a70', 40);
INSERT INTO "RecipeIngredient" ("Id", "RecipeId", "ProductionItemId", "RequiredPerMinute") VALUES ('7e4c2200-b06a-4b0e-b265-824f9223bce3', '47fb8c9d-80f6-44d3-a91e-4f4b89a1e05d', 'b0f00547-4ec9-47ec-a905-012809436bc5', 1.25);
INSERT INTO "RecipeIngredient" ("Id", "RecipeId", "ProductionItemId", "RequiredPerMinute") VALUES ('b60f1639-291e-415a-8aa1-5d4fc53b0843', '47fb8c9d-80f6-44d3-a91e-4f4b89a1e05d', '5dbe02d2-a6b0-4b05-94d9-8a559d058f85', 1.25);
INSERT INTO "RecipeResult" ("Id", "RecipeId", "ProductionItemId", "ProducedPerMinute") VALUES ('855f94d2-7816-4747-8868-ca2213d2fc1b', '47fb8c9d-80f6-44d3-a91e-4f4b89a1e05d', '7fe500f8-db06-4107-a039-ce6a8a7b2e68', 2.5);

INSERT INTO "Recipe" ("Id", "Name", "MadeIn") VALUES ('231e97b4-21f9-4e88-9c6c-7130dad3d61a', 'Crystal Oscillator', 5);
INSERT INTO "RecipeIngredient" ("Id", "RecipeId", "ProductionItemId", "RequiredPerMinute") VALUES ('24d9391f-af9d-4afa-a385-e438747842c3', '231e97b4-21f9-4e88-9c6c-7130dad3d61a', '7d8858d3-3c54-4e99-9ec7-88961a8f883f', 18);
INSERT INTO "RecipeIngredient" ("Id", "RecipeId", "ProductionItemId", "RequiredPerMinute") VALUES ('7de39e4d-8007-4aa5-8245-086a9342f22e', '231e97b4-21f9-4e88-9c6c-7130dad3d61a', '70fecdf3-c0f9-437f-8822-41bf0e9ff435', 14);
INSERT INTO "RecipeIngredient" ("Id", "RecipeId", "ProductionItemId", "RequiredPerMinute") VALUES ('ddefdd60-80c2-40b9-9da0-60b61bcb79f9', '231e97b4-21f9-4e88-9c6c-7130dad3d61a', '30ec735b-10f7-4070-8668-0ce633b78686', 2.5);
INSERT INTO "RecipeResult" ("Id", "RecipeId", "ProductionItemId", "ProducedPerMinute") VALUES ('b6a86993-dd2d-4def-b0ac-5d4f6e278533', '231e97b4-21f9-4e88-9c6c-7130dad3d61a', 'b0f00547-4ec9-47ec-a905-012809436bc5', 1);

-- CONTAINER RECIPES
INSERT INTO "Recipe" ("Id", "Name", "MadeIn") VALUES ('99ba01e7-edf1-447d-b18c-fd49a08d08d0', 'Empty Canister', 3);
INSERT INTO "RecipeIngredient" ("Id", "RecipeId", "ProductionItemId", "RequiredPerMinute") VALUES ('c8705d2b-bd33-43a9-823b-b0a14dbe570a', '99ba01e7-edf1-447d-b18c-fd49a08d08d0', '0be9af4f-1e82-4fb5-b31d-35bce21769aa', 30);
INSERT INTO "RecipeResult" ("Id", "RecipeId", "ProductionItemId", "ProducedPerMinute") VALUES ('6e5d1c5e-eb4c-4df7-8438-788f4a9464d6', '99ba01e7-edf1-447d-b18c-fd49a08d08d0', '15bccf69-9c55-413b-bf99-2858d7653f3f', 60);

INSERT INTO "Recipe" ("Id", "Name", "MadeIn") VALUES ('450e2c2e-be48-4763-9d25-33ff53d075cf', 'Empty Fluid Tank', 3);
INSERT INTO "RecipeIngredient" ("Id", "RecipeId", "ProductionItemId", "RequiredPerMinute") VALUES ('cb20ffaa-58ae-45a0-9d6c-4af95b3cc9e4', '450e2c2e-be48-4763-9d25-33ff53d075cf', '5b2ba98e-bfa1-43ea-a211-42fe9977fbe4', 60);
INSERT INTO "RecipeResult" ("Id", "RecipeId", "ProductionItemId", "ProducedPerMinute") VALUES ('6912f2c8-6a03-4b3b-962d-5897e716f3d7', '450e2c2e-be48-4763-9d25-33ff53d075cf', '2a6977d5-a841-49cb-86f1-e72248515e3c', 60);

INSERT INTO "Recipe" ("Id", "Name", "MadeIn") VALUES ('6e261af7-205c-467b-bd47-49c54bba01de', 'Pressure Conversion Cube', 4);
INSERT INTO "RecipeIngredient" ("Id", "RecipeId", "ProductionItemId", "RequiredPerMinute") VALUES ('f07994ac-1ecc-4081-9bb2-2ba21ffaa8fb', '6e261af7-205c-467b-bd47-49c54bba01de', '780a0ead-b6fe-4c3e-8707-48321e18d43b', 1);
INSERT INTO "RecipeIngredient" ("Id", "RecipeId", "ProductionItemId", "RequiredPerMinute") VALUES ('c2c6acde-5d70-41ca-9cbe-6eea2763364b', '6e261af7-205c-467b-bd47-49c54bba01de', '7fe500f8-db06-4107-a039-ce6a8a7b2e68', 2);
INSERT INTO "RecipeResult" ("Id", "RecipeId", "ProductionItemId", "ProducedPerMinute") VALUES ('ad320476-0d91-46e3-9099-afc7743c643d', '6e261af7-205c-467b-bd47-49c54bba01de', 'caa19392-f375-4cb2-86cf-d74484cd62e4', 1);

INSERT INTO "Recipe" ("Id", "Name", "MadeIn") VALUES ('fe279db0-4ebd-4fef-b06b-45af314d364a', 'Packaged Water', 7);
INSERT INTO "RecipeIngredient" ("Id", "RecipeId", "ProductionItemId", "RequiredPerMinute") VALUES ('8295cbf9-1e96-4597-b15e-35346f4de1a8', 'fe279db0-4ebd-4fef-b06b-45af314d364a', '0d2bbba9-8db0-4cdf-855a-dc1d9bb6bf7b', 60);
INSERT INTO "RecipeIngredient" ("Id", "RecipeId", "ProductionItemId", "RequiredPerMinute") VALUES ('f3c05cfe-7307-48c1-a6c1-47d9517ea100', 'fe279db0-4ebd-4fef-b06b-45af314d364a', '15bccf69-9c55-413b-bf99-2858d7653f3f', 60);
INSERT INTO "RecipeResult" ("Id", "RecipeId", "ProductionItemId", "ProducedPerMinute") VALUES ('04c00658-de59-4c89-b0a3-10ba114b161c', 'fe279db0-4ebd-4fef-b06b-45af314d364a', '5dbcad17-bf69-43d6-ba9e-d489014884a7', 60);

INSERT INTO "Recipe" ("Id", "Name", "MadeIn") VALUES ('2b770d06-48da-4c31-831b-2084c332bc66', 'Packaged Alumina Solution', 7);
INSERT INTO "RecipeIngredient" ("Id", "RecipeId", "ProductionItemId", "RequiredPerMinute") VALUES ('5e26ca54-2455-4028-aea6-662e8ec547d6', '2b770d06-48da-4c31-831b-2084c332bc66', '48bf8676-96cb-40e1-a367-ee6a4d50603f', 120);
INSERT INTO "RecipeIngredient" ("Id", "RecipeId", "ProductionItemId", "RequiredPerMinute") VALUES ('8aca1604-e2f6-4ffb-b26d-aa72e50ad238', '2b770d06-48da-4c31-831b-2084c332bc66', '15bccf69-9c55-413b-bf99-2858d7653f3f', 120);
INSERT INTO "RecipeResult" ("Id", "RecipeId", "ProductionItemId", "ProducedPerMinute") VALUES ('7f2aae8a-58da-4968-ae7b-b3958a9828a3', '2b770d06-48da-4c31-831b-2084c332bc66', 'aa368970-b8f3-4aa3-9cc2-a294d44d3015', 120);

INSERT INTO "Recipe" ("Id", "Name", "MadeIn") VALUES ('f85affba-9608-412d-af59-9d98d94ef478', 'Packaged Sulfuric Acid', 7);
INSERT INTO "RecipeIngredient" ("Id", "RecipeId", "ProductionItemId", "RequiredPerMinute") VALUES ('4a9a7889-684e-43a6-b9ce-2c29b12c3c0a', 'f85affba-9608-412d-af59-9d98d94ef478', 'ee513342-5416-42a3-9866-11f2cedf482d', 40);
INSERT INTO "RecipeIngredient" ("Id", "RecipeId", "ProductionItemId", "RequiredPerMinute") VALUES ('dc8421b3-4afe-4a06-b03d-11319c17afb5', 'f85affba-9608-412d-af59-9d98d94ef478', '15bccf69-9c55-413b-bf99-2858d7653f3f', 40);
INSERT INTO "RecipeResult" ("Id", "RecipeId", "ProductionItemId", "ProducedPerMinute") VALUES ('33276932-41cb-4505-bf22-0da284d25e75', 'f85affba-9608-412d-af59-9d98d94ef478', '01ff7f33-1b40-4b49-9f9e-3f54bc58ec61', 40);

INSERT INTO "Recipe" ("Id", "Name", "MadeIn") VALUES ('14b3e846-a3ac-46cf-83d5-e4af327ffdab', 'Packaged Nitric Acid', 7);
INSERT INTO "RecipeIngredient" ("Id", "RecipeId", "ProductionItemId", "RequiredPerMinute") VALUES ('5e871d49-c111-4671-8329-7dae1e831f49', '14b3e846-a3ac-46cf-83d5-e4af327ffdab', '2af11634-1e00-41bd-9051-86fb018cada4', 30);
INSERT INTO "RecipeIngredient" ("Id", "RecipeId", "ProductionItemId", "RequiredPerMinute") VALUES ('c0e5812e-414b-4648-a4ff-da485eeee6c9', '14b3e846-a3ac-46cf-83d5-e4af327ffdab', '2a6977d5-a841-49cb-86f1-e72248515e3c', 30);
INSERT INTO "RecipeResult" ("Id", "RecipeId", "ProductionItemId", "ProducedPerMinute") VALUES ('195cade8-7a29-402d-a99a-a1b720931f29', '14b3e846-a3ac-46cf-83d5-e4af327ffdab', 'b2ab60bd-710c-4a6b-9202-02e318d707a7', 30);

INSERT INTO "Recipe" ("Id", "Name", "MadeIn") VALUES ('f4bc13ee-3420-4337-8e5e-57d59dd56ce1', 'Packaged Nitrogen Gas', 7);
INSERT INTO "RecipeIngredient" ("Id", "RecipeId", "ProductionItemId", "RequiredPerMinute") VALUES ('f63e190c-bfdf-4d21-a377-fddae5210e11', 'f4bc13ee-3420-4337-8e5e-57d59dd56ce1', '9eb028d9-3081-443c-a404-a23eab84e655', 240);
INSERT INTO "RecipeIngredient" ("Id", "RecipeId", "ProductionItemId", "RequiredPerMinute") VALUES ('ab20a8fd-0fc8-4905-8b11-5ac6bb41c797', 'f4bc13ee-3420-4337-8e5e-57d59dd56ce1', '2a6977d5-a841-49cb-86f1-e72248515e3c', 60);
INSERT INTO "RecipeResult" ("Id", "RecipeId", "ProductionItemId", "ProducedPerMinute") VALUES ('e4e04eb8-21db-45ec-91e3-77a31e4026c9', 'f4bc13ee-3420-4337-8e5e-57d59dd56ce1', 'e910fa9a-fec9-4411-8427-b872b01a6bd3', 60);

-- FUEL RECIPES
INSERT INTO "Recipe" ("Id", "Name", "MadeIn") VALUES ('9a6ddfd1-64a9-4450-801d-e3c00a1e0cbc', 'Biomass (Alien Protein)', 3);
INSERT INTO "RecipeIngredient" ("Id", "RecipeId", "ProductionItemId", "RequiredPerMinute") VALUES ('261dec3e-a7fc-440b-9a1f-82f1de174bf8', '9a6ddfd1-64a9-4450-801d-e3c00a1e0cbc', 'ce2e8bae-0214-481d-92ff-99311083fcbb', 15);
INSERT INTO "RecipeResult" ("Id", "RecipeId", "ProductionItemId", "ProducedPerMinute") VALUES ('320aa483-dcd4-4b8c-a7d1-15a08bca0bfa', '9a6ddfd1-64a9-4450-801d-e3c00a1e0cbc', 'ee5135ef-995f-4a14-bd51-1d5b0b4eaa50', 1500);

INSERT INTO "Recipe" ("Id", "Name", "MadeIn") VALUES ('e91f335e-e193-4d8a-a8ac-c5cecfb86e63', 'Biomass (Leaves)', 3);
INSERT INTO "RecipeIngredient" ("Id", "RecipeId", "ProductionItemId", "RequiredPerMinute") VALUES ('0ac288d5-1766-4e0f-895e-37ef56dc5d87', 'e91f335e-e193-4d8a-a8ac-c5cecfb86e63', '853c2d16-99a5-430b-8ab1-8098884c5dcc', 120);
INSERT INTO "RecipeResult" ("Id", "RecipeId", "ProductionItemId", "ProducedPerMinute") VALUES ('0b34aee0-d3fd-44f0-92f7-36ed684e3d98', 'e91f335e-e193-4d8a-a8ac-c5cecfb86e63', 'ee5135ef-995f-4a14-bd51-1d5b0b4eaa50', 60);

INSERT INTO "Recipe" ("Id", "Name", "MadeIn") VALUES ('a160c904-e555-4fc9-a75e-621165179dd2', 'Biomass (Mycelia)', 3);
INSERT INTO "RecipeIngredient" ("Id", "RecipeId", "ProductionItemId", "RequiredPerMinute") VALUES ('33f20252-e0c6-43ac-a41b-9021b6597c7a', 'a160c904-e555-4fc9-a75e-621165179dd2', '2a6c9406-5bdc-46b9-8bbd-0fcf5fee44cb', 15);
INSERT INTO "RecipeResult" ("Id", "RecipeId", "ProductionItemId", "ProducedPerMinute") VALUES ('384fd264-6cd0-484f-9156-1259a818c1be', 'a160c904-e555-4fc9-a75e-621165179dd2', 'ee5135ef-995f-4a14-bd51-1d5b0b4eaa50', 150);

INSERT INTO "Recipe" ("Id", "Name", "MadeIn") VALUES ('80350feb-907e-4554-86a4-2f89f2b762bf', 'Biomass (Wood)', 3);
INSERT INTO "RecipeIngredient" ("Id", "RecipeId", "ProductionItemId", "RequiredPerMinute") VALUES ('ed3d1454-cbd6-445d-a119-0c3e2e180fd5', '80350feb-907e-4554-86a4-2f89f2b762bf', '1c398d2a-bdc8-4196-a8fa-f02bc558193a', 60);
INSERT INTO "RecipeResult" ("Id", "RecipeId", "ProductionItemId", "ProducedPerMinute") VALUES ('2fec5869-06eb-4499-b549-8a15cb9c2c7e', '80350feb-907e-4554-86a4-2f89f2b762bf', 'ee5135ef-995f-4a14-bd51-1d5b0b4eaa50', 300);

INSERT INTO "Recipe" ("Id", "Name", "MadeIn") VALUES ('44e966ee-f5b4-42b4-9d46-34ec3f835870', 'Compacted Coal', 4);
INSERT INTO "RecipeIngredient" ("Id", "RecipeId", "ProductionItemId", "RequiredPerMinute") VALUES ('afff040e-09eb-4e5b-abdb-68e62a5fdddb', '44e966ee-f5b4-42b4-9d46-34ec3f835870', '38862792-f956-4804-9d7a-46b60fb8d013', 25);
INSERT INTO "RecipeIngredient" ("Id", "RecipeId", "ProductionItemId", "RequiredPerMinute") VALUES ('014d5b8a-dfe1-463f-a301-0311391e0ed5', '44e966ee-f5b4-42b4-9d46-34ec3f835870', '2ff52414-1041-4d16-b68e-efc253325b9b', 25);
INSERT INTO "RecipeResult" ("Id", "RecipeId", "ProductionItemId", "ProducedPerMinute") VALUES ('e6a7ec53-c14d-40ff-8933-6ed733763dee', '44e966ee-f5b4-42b4-9d46-34ec3f835870', '2af25498-23e7-44ac-a559-76963785c211', 25);

INSERT INTO "Recipe" ("Id", "Name", "MadeIn") VALUES ('7b7c779f-a798-4fb3-bffc-a77962a9829c', 'Packaged Oil', 7);
INSERT INTO "RecipeIngredient" ("Id", "RecipeId", "ProductionItemId", "RequiredPerMinute") VALUES ('142d76ed-2049-4751-ac2c-ecf64b2775ef', '7b7c779f-a798-4fb3-bffc-a77962a9829c', '60cc959c-3782-42ba-ab4b-e3ddaf4da6bd', 30);
INSERT INTO "RecipeIngredient" ("Id", "RecipeId", "ProductionItemId", "RequiredPerMinute") VALUES ('d56340ed-4f51-4116-9256-730ee99afa3c', '7b7c779f-a798-4fb3-bffc-a77962a9829c', '15bccf69-9c55-413b-bf99-2858d7653f3f', 30);
INSERT INTO "RecipeResult" ("Id", "RecipeId", "ProductionItemId", "ProducedPerMinute") VALUES ('c4b26f0c-8208-4709-a0da-d018cb9e5777', '7b7c779f-a798-4fb3-bffc-a77962a9829c', 'f10ec3bc-71b9-4f55-b35b-e53e9710ecf0', 30);

INSERT INTO "Recipe" ("Id", "Name", "MadeIn") VALUES ('d8ca03df-d958-49b1-af5b-ad93f4662119', 'Packaged Heavy Oil Residue', 7);
INSERT INTO "RecipeIngredient" ("Id", "RecipeId", "ProductionItemId", "RequiredPerMinute") VALUES ('529a19cc-f8c6-4ba9-b8fb-e753159d2816', 'd8ca03df-d958-49b1-af5b-ad93f4662119', '03ab8a1b-6e94-406b-b362-31938e984e2d', 30);
INSERT INTO "RecipeIngredient" ("Id", "RecipeId", "ProductionItemId", "RequiredPerMinute") VALUES ('b3f021e1-96f5-4424-a159-b1c580682f51', 'd8ca03df-d958-49b1-af5b-ad93f4662119', '15bccf69-9c55-413b-bf99-2858d7653f3f', 30);
INSERT INTO "RecipeResult" ("Id", "RecipeId", "ProductionItemId", "ProducedPerMinute") VALUES ('b9e487cd-86d7-46ca-bf59-f2a70dbd850b', 'd8ca03df-d958-49b1-af5b-ad93f4662119', '9bc764d6-dbbf-49b9-b80b-73b0cf2f66f8', 30);

INSERT INTO "Recipe" ("Id", "Name", "MadeIn") VALUES ('e4875b55-b5ae-490a-a398-e823048805c2', 'Solid Biofuel', 3);
INSERT INTO "RecipeIngredient" ("Id", "RecipeId", "ProductionItemId", "RequiredPerMinute") VALUES ('26c8750c-4151-4d02-93c6-fd9f85127ce6', 'e4875b55-b5ae-490a-a398-e823048805c2', 'ee5135ef-995f-4a14-bd51-1d5b0b4eaa50', 120);
INSERT INTO "RecipeResult" ("Id", "RecipeId", "ProductionItemId", "ProducedPerMinute") VALUES ('21b19c49-7af4-4b0a-a575-10bbe3118e98', 'e4875b55-b5ae-490a-a398-e823048805c2', '3ddc7b64-5a1a-48f1-b4e2-14457ad8bc77', 60);

INSERT INTO "Recipe" ("Id", "Name", "MadeIn") VALUES ('747000de-9862-49d6-a651-d13c39889351', 'Packaged Fuel', 7);
INSERT INTO "RecipeIngredient" ("Id", "RecipeId", "ProductionItemId", "RequiredPerMinute") VALUES ('0c195cf9-cb92-465b-9964-1463aac3618e', '747000de-9862-49d6-a651-d13c39889351', '01472eb4-b680-4f08-9e19-8690a9e3aef4', 40);
INSERT INTO "RecipeIngredient" ("Id", "RecipeId", "ProductionItemId", "RequiredPerMinute") VALUES ('bb9c72d7-a8d6-4829-99cb-91e3dd83e436', '747000de-9862-49d6-a651-d13c39889351', '15bccf69-9c55-413b-bf99-2858d7653f3f', 40);
INSERT INTO "RecipeResult" ("Id", "RecipeId", "ProductionItemId", "ProducedPerMinute") VALUES ('32fc3bc3-77d7-468a-ba87-6fe8586a569a', '747000de-9862-49d6-a651-d13c39889351', '8f1e4160-e248-4141-b91d-873e97b60c99', 40);

INSERT INTO "Recipe" ("Id", "Name", "MadeIn") VALUES ('d8e4456b-cb1a-46ea-86c5-72362efd97e1', 'Packaged Liquid Biofuel', 7);
INSERT INTO "RecipeIngredient" ("Id", "RecipeId", "ProductionItemId", "RequiredPerMinute") VALUES ('29ad2ae6-ec6c-443d-b347-824c1c7e0c75', 'd8e4456b-cb1a-46ea-86c5-72362efd97e1', '03470a09-121e-41bb-9dc5-942201c0b1bc', 40);
INSERT INTO "RecipeIngredient" ("Id", "RecipeId", "ProductionItemId", "RequiredPerMinute") VALUES ('b8b77a5f-08cb-415c-84aa-7bcc6ebb9e3a', 'd8e4456b-cb1a-46ea-86c5-72362efd97e1', '15bccf69-9c55-413b-bf99-2858d7653f3f', 40);
INSERT INTO "RecipeResult" ("Id", "RecipeId", "ProductionItemId", "ProducedPerMinute") VALUES ('ef075519-e6f8-48e4-a300-86402ac20e97', 'd8e4456b-cb1a-46ea-86c5-72362efd97e1', 'ed4e5f4a-da1f-4623-a6f3-b9afa44fd51a', 40);

INSERT INTO "Recipe" ("Id", "Name", "MadeIn") VALUES ('b6cbd91c-d6ad-4d71-b02e-8595211d5890', 'Packaged Turbofuel', 7);
INSERT INTO "RecipeIngredient" ("Id", "RecipeId", "ProductionItemId", "RequiredPerMinute") VALUES ('ca1e31b2-f3ca-4280-b227-d8c80993f877', 'b6cbd91c-d6ad-4d71-b02e-8595211d5890', 'dbd362ec-7ba8-49e8-84e9-bf83b871853a', 20);
INSERT INTO "RecipeIngredient" ("Id", "RecipeId", "ProductionItemId", "RequiredPerMinute") VALUES ('cb37abf8-0592-4cba-81ab-5b751896057f', 'b6cbd91c-d6ad-4d71-b02e-8595211d5890', '15bccf69-9c55-413b-bf99-2858d7653f3f', 20);
INSERT INTO "RecipeResult" ("Id", "RecipeId", "ProductionItemId", "ProducedPerMinute") VALUES ('7413f60d-851c-49ac-889f-f011bec4b9b8', 'b6cbd91c-d6ad-4d71-b02e-8595211d5890', '6c057622-8b83-4798-a8fa-db1b6ba63a6b', 20);

INSERT INTO "Recipe" ("Id", "Name", "MadeIn") VALUES ('4a3871e3-244c-47d4-85ab-0986d023247f', 'Uranium Fuel Rod', 5);
INSERT INTO "RecipeIngredient" ("Id", "RecipeId", "ProductionItemId", "RequiredPerMinute") VALUES ('f62e4976-659d-4eea-91b2-f5fcd3fc62ad', '4a3871e3-244c-47d4-85ab-0986d023247f', '7cd4bb4f-17d2-4ebc-bceb-fa3b28c79e3a', 20);
INSERT INTO "RecipeIngredient" ("Id", "RecipeId", "ProductionItemId", "RequiredPerMinute") VALUES ('746d5bd6-b148-4d2e-a839-03617445c0ca', '4a3871e3-244c-47d4-85ab-0986d023247f', '3d9c502e-7825-4dc8-ae31-91b144ffb7fa', 1.2);
INSERT INTO "RecipeIngredient" ("Id", "RecipeId", "ProductionItemId", "RequiredPerMinute") VALUES ('34a62fbf-e280-408f-a513-477137b673ce', '4a3871e3-244c-47d4-85ab-0986d023247f', '0005c281-6ac8-4c40-b6b0-b40c3cf14853', 2);
INSERT INTO "RecipeResult" ("Id", "RecipeId", "ProductionItemId", "ProducedPerMinute") VALUES ('1d32de9e-e636-416d-a2dd-325b782d4818', '4a3871e3-244c-47d4-85ab-0986d023247f', 'e0464fff-2408-416d-83d8-791597028293', 0.4);

INSERT INTO "Recipe" ("Id", "Name", "MadeIn") VALUES ('15974184-e451-4f51-bc76-ee7d5d9e1185', 'Plutonium Fuel Rod', 5);
INSERT INTO "RecipeIngredient" ("Id", "RecipeId", "ProductionItemId", "RequiredPerMinute") VALUES ('af92e5f2-dfdb-411a-beb0-81c147962dfa', '15974184-e451-4f51-bc76-ee7d5d9e1185', 'cf482502-902f-4f7a-b685-a8a8425d8a6a', 7.5);
INSERT INTO "RecipeIngredient" ("Id", "RecipeId", "ProductionItemId", "RequiredPerMinute") VALUES ('f4fc2e6d-2beb-472b-b1c3-68749d6ee34a', '15974184-e451-4f51-bc76-ee7d5d9e1185', 'ae0a493b-e348-48ee-858f-52fde2dad5a7', 4.5);
INSERT INTO "RecipeIngredient" ("Id", "RecipeId", "ProductionItemId", "RequiredPerMinute") VALUES ('6ea4f85c-127d-465c-8777-4436c4e5c7b1', '15974184-e451-4f51-bc76-ee7d5d9e1185', '0005c281-6ac8-4c40-b6b0-b40c3cf14853', 1.5);
INSERT INTO "RecipeIngredient" ("Id", "RecipeId", "ProductionItemId", "RequiredPerMinute") VALUES ('68060893-a860-4e48-853f-d9c4c219285e', '15974184-e451-4f51-bc76-ee7d5d9e1185', '1ab44fe6-657c-4da2-9b2e-97c9d6e8c4ef', 2.5);
INSERT INTO "RecipeResult" ("Id", "RecipeId", "ProductionItemId", "ProducedPerMinute") VALUES ('1e2054ac-3a67-4965-aa8f-1aa3e34d7e9c', '15974184-e451-4f51-bc76-ee7d5d9e1185', '3b4a9bef-b5cd-43f4-bf28-776210050aa8', 0.25);

-- CONSUMABLE RECIPES
INSERT INTO "Recipe" ("Id", "Name", "MadeIn") VALUES ('77162bae-e0dc-473d-98fa-eb1b47a17736', 'Black Powder', 4);
INSERT INTO "RecipeIngredient" ("Id", "RecipeId", "ProductionItemId", "RequiredPerMinute") VALUES ('f31f9cc0-3ade-4b1c-b38b-c44e858ac394', '77162bae-e0dc-473d-98fa-eb1b47a17736', '38862792-f956-4804-9d7a-46b60fb8d013', 15);
INSERT INTO "RecipeIngredient" ("Id", "RecipeId", "ProductionItemId", "RequiredPerMinute") VALUES ('0e4707c9-74ff-4841-8a3d-0045b0a553de', '77162bae-e0dc-473d-98fa-eb1b47a17736', '2ff52414-1041-4d16-b68e-efc253325b9b', 15);
INSERT INTO "RecipeResult" ("Id", "RecipeId", "ProductionItemId", "ProducedPerMinute") VALUES ('69839a55-3f23-41c7-b414-9da761a2b837', '77162bae-e0dc-473d-98fa-eb1b47a17736', '13119de9-ab33-4b98-b880-96ccf6b79aac', 30);

INSERT INTO "Recipe" ("Id", "Name", "MadeIn") VALUES ('dc0a399d-519e-4ed0-9321-50a0faf1463a', 'Smokeless Powder', 6);
INSERT INTO "RecipeIngredient" ("Id", "RecipeId", "ProductionItemId", "RequiredPerMinute") VALUES ('15313be9-033d-42d4-aabe-f2af1e104183', 'dc0a399d-519e-4ed0-9321-50a0faf1463a', '13119de9-ab33-4b98-b880-96ccf6b79aac', 20);
INSERT INTO "RecipeIngredient" ("Id", "RecipeId", "ProductionItemId", "RequiredPerMinute") VALUES ('50364bcc-8dcb-4374-846e-dcd7a21a04ae', 'dc0a399d-519e-4ed0-9321-50a0faf1463a', '03ab8a1b-6e94-406b-b362-31938e984e2d', 10);
INSERT INTO "RecipeResult" ("Id", "RecipeId", "ProductionItemId", "ProducedPerMinute") VALUES ('343d6f77-3cc9-430d-ac0b-d1cf421b6e3c', 'dc0a399d-519e-4ed0-9321-50a0faf1463a', '8376cafd-be62-481e-9d32-fef079136340', 20);

INSERT INTO "Recipe" ("Id", "Name", "MadeIn") VALUES ('3185bda9-3eff-4064-a9aa-4680699045b6', 'Gas Filter', 5);
INSERT INTO "RecipeIngredient" ("Id", "RecipeId", "ProductionItemId", "RequiredPerMinute") VALUES ('7dface9d-bb85-4736-a5f8-39647c306eaa', '3185bda9-3eff-4064-a9aa-4680699045b6', '38862792-f956-4804-9d7a-46b60fb8d013', 37.5);
INSERT INTO "RecipeIngredient" ("Id", "RecipeId", "ProductionItemId", "RequiredPerMinute") VALUES ('9d42fd7d-14e1-4f18-895b-0958c12e57ae', '3185bda9-3eff-4064-a9aa-4680699045b6', 'd84628e4-c85e-4c84-a136-32441a40a89e', 15);
INSERT INTO "RecipeIngredient" ("Id", "RecipeId", "ProductionItemId", "RequiredPerMinute") VALUES ('a56add52-99da-49f4-bdb5-0146f663c750', '3185bda9-3eff-4064-a9aa-4680699045b6', 'b65bbfe4-c24a-42e1-abbf-3ba5af4eda8e', 15);
INSERT INTO "RecipeResult" ("Id", "RecipeId", "ProductionItemId", "ProducedPerMinute") VALUES ('5c50f54f-5703-4107-b95d-145261b6063e', '3185bda9-3eff-4064-a9aa-4680699045b6', '0dd6081c-5008-442a-8742-1c699775ee1b', 7.5);

INSERT INTO "Recipe" ("Id", "Name", "MadeIn") VALUES ('9991ecad-6347-4e82-872a-4c22d67e0256', 'Iodine Infused Filter', 5);
INSERT INTO "RecipeIngredient" ("Id", "RecipeId", "ProductionItemId", "RequiredPerMinute") VALUES ('5971c999-2450-46a9-9cf4-f6a66101f434', '9991ecad-6347-4e82-872a-4c22d67e0256', '0dd6081c-5008-442a-8742-1c699775ee1b', 3.75);
INSERT INTO "RecipeIngredient" ("Id", "RecipeId", "ProductionItemId", "RequiredPerMinute") VALUES ('3b01f026-1507-4e3b-a2b7-21474a3d9c44', '9991ecad-6347-4e82-872a-4c22d67e0256', '0efee9ac-e5c6-477c-a623-d2cc43efe55b', 30);
INSERT INTO "RecipeIngredient" ("Id", "RecipeId", "ProductionItemId", "RequiredPerMinute") VALUES ('75ce9fac-b1a3-411f-a345-c61f81c33850', '9991ecad-6347-4e82-872a-4c22d67e0256', '86053b5f-692d-4876-810b-b7eb32018a70', 3.75);
INSERT INTO "RecipeResult" ("Id", "RecipeId", "ProductionItemId", "ProducedPerMinute") VALUES ('862ab81e-13b5-498f-98d2-44e4fde02079', '9991ecad-6347-4e82-872a-4c22d67e0256', '4693d2ba-1aec-4f1f-bcfb-58d539c70896', 3.75);

-- AMMO RECIPES
INSERT INTO "Recipe" ("Id", "Name", "MadeIn") VALUES ('ba8e1c62-2258-4383-9740-4a4ba8fc54e8', 'Iron Rebar', 3);
INSERT INTO "RecipeIngredient" ("Id", "RecipeId", "ProductionItemId", "RequiredPerMinute") VALUES ('252760f7-e91f-4d7c-86cc-de828fcebd62', 'ba8e1c62-2258-4383-9740-4a4ba8fc54e8', 'fa109bdd-840f-49d5-b12b-b2b8ac1b8834', 15);
INSERT INTO "RecipeResult" ("Id", "RecipeId", "ProductionItemId", "ProducedPerMinute") VALUES ('55c6bd80-0d7b-4be2-ac7e-674dbfc1ae6f', 'ba8e1c62-2258-4383-9740-4a4ba8fc54e8', 'e9b1ded9-9c36-4933-a30c-d15ad35793f3', 15);

INSERT INTO "Recipe" ("Id", "Name", "MadeIn") VALUES ('da0f3dd3-280b-4b3b-b506-612885a6b246', 'Stun Rebar', 4);
INSERT INTO "RecipeIngredient" ("Id", "RecipeId", "ProductionItemId", "RequiredPerMinute") VALUES ('be484082-cb30-4779-ae2b-865cf07dccf8', 'da0f3dd3-280b-4b3b-b506-612885a6b246', 'e9b1ded9-9c36-4933-a30c-d15ad35793f3', 10);
INSERT INTO "RecipeIngredient" ("Id", "RecipeId", "ProductionItemId", "RequiredPerMinute") VALUES ('c9425681-4ee8-4086-ad08-a7525c5b5c35', 'da0f3dd3-280b-4b3b-b506-612885a6b246', '0efee9ac-e5c6-477c-a623-d2cc43efe55b', 5);
INSERT INTO "RecipeResult" ("Id", "RecipeId", "ProductionItemId", "ProducedPerMinute") VALUES ('79092421-89be-4be4-b86e-1cb0b700f5ac', 'da0f3dd3-280b-4b3b-b506-612885a6b246', '2222d5ca-2e9a-4878-98e0-0c2fa284dca2', 10);

INSERT INTO "Recipe" ("Id", "Name", "MadeIn") VALUES ('cf70673a-1a1d-4c17-bc71-c0a74e2c1eb2', 'Shatter Rebar', 4);
INSERT INTO "RecipeIngredient" ("Id", "RecipeId", "ProductionItemId", "RequiredPerMinute") VALUES ('fe2a9949-7c62-4424-b11d-e1dbbf72168c', 'cf70673a-1a1d-4c17-bc71-c0a74e2c1eb2', 'e9b1ded9-9c36-4933-a30c-d15ad35793f3', 10);
INSERT INTO "RecipeIngredient" ("Id", "RecipeId", "ProductionItemId", "RequiredPerMinute") VALUES ('7334ad24-08d0-432f-b00d-a81a9e2a49ed', 'cf70673a-1a1d-4c17-bc71-c0a74e2c1eb2', '7d8858d3-3c54-4e99-9ec7-88961a8f883f', 15);
INSERT INTO "RecipeResult" ("Id", "RecipeId", "ProductionItemId", "ProducedPerMinute") VALUES ('cb910afa-4a26-41fb-a485-88dbb69948c8', 'cf70673a-1a1d-4c17-bc71-c0a74e2c1eb2', 'a931fe1b-01c6-4f82-b93c-dde9c3de9054', 5);

INSERT INTO "Recipe" ("Id", "Name", "MadeIn") VALUES ('5fd08c06-dd97-4fe8-9858-bc243f377d6b', 'Explosive Rebar', 5);
INSERT INTO "RecipeIngredient" ("Id", "RecipeId", "ProductionItemId", "RequiredPerMinute") VALUES ('361d1355-87e3-4549-831e-84032f1ed5f9', '5fd08c06-dd97-4fe8-9858-bc243f377d6b', 'e9b1ded9-9c36-4933-a30c-d15ad35793f3', 10);
INSERT INTO "RecipeIngredient" ("Id", "RecipeId", "ProductionItemId", "RequiredPerMinute") VALUES ('199ddabf-ac4e-4121-b26b-061a322dde20', '5fd08c06-dd97-4fe8-9858-bc243f377d6b', '8376cafd-be62-481e-9d32-fef079136340', 10);
INSERT INTO "RecipeIngredient" ("Id", "RecipeId", "ProductionItemId", "RequiredPerMinute") VALUES ('22333c68-24d0-4056-b93a-272945be7ebf', '5fd08c06-dd97-4fe8-9858-bc243f377d6b', 'be34591f-e6bf-49ac-a9b2-6d56a59422cf', 10);
INSERT INTO "RecipeResult" ("Id", "RecipeId", "ProductionItemId", "ProducedPerMinute") VALUES ('96807c43-367b-4f8a-8f35-c766521c8648', '5fd08c06-dd97-4fe8-9858-bc243f377d6b', '7e244ac8-a73f-4c95-a82f-c62daed108bc', 5);

INSERT INTO "Recipe" ("Id", "Name", "MadeIn") VALUES ('5105ae38-7df9-460a-8d32-1f2bd6bf79c5', 'Rifle Ammo', 4);
INSERT INTO "RecipeIngredient" ("Id", "RecipeId", "ProductionItemId", "RequiredPerMinute") VALUES ('52fb3e52-1bd2-45bd-9803-e92663108d78', '5105ae38-7df9-460a-8d32-1f2bd6bf79c5', 'ec7d0ffa-3215-4246-8144-ed32683ca927', 15);
INSERT INTO "RecipeIngredient" ("Id", "RecipeId", "ProductionItemId", "RequiredPerMinute") VALUES ('c2ee7601-509f-4ab8-9c7a-0a429c99a0cf', '5105ae38-7df9-460a-8d32-1f2bd6bf79c5', '8376cafd-be62-481e-9d32-fef079136340', 10);
INSERT INTO "RecipeResult" ("Id", "RecipeId", "ProductionItemId", "ProducedPerMinute") VALUES ('92b479f9-f916-453f-95b0-ec6835a2d92d', '5105ae38-7df9-460a-8d32-1f2bd6bf79c5', 'e7587e91-6cc1-4cd1-ae68-83a3e316915b', 75);

INSERT INTO "Recipe" ("Id", "Name", "MadeIn") VALUES ('464a147d-5f1d-4f07-b78e-7ab6d1f7642f', 'Homing Rifle Ammo', 4);
INSERT INTO "RecipeIngredient" ("Id", "RecipeId", "ProductionItemId", "RequiredPerMinute") VALUES ('8cc84752-433f-442d-9d09-c575b5be6c10', '464a147d-5f1d-4f07-b78e-7ab6d1f7642f', 'e7587e91-6cc1-4cd1-ae68-83a3e316915b', 20);
INSERT INTO "RecipeIngredient" ("Id", "RecipeId", "ProductionItemId", "RequiredPerMinute") VALUES ('d2675a8f-f879-4d26-8097-5d10b12472b0', '464a147d-5f1d-4f07-b78e-7ab6d1f7642f', '0b614cb1-e391-4439-ade3-d21a41b64a07', 2.5);
INSERT INTO "RecipeResult" ("Id", "RecipeId", "ProductionItemId", "ProducedPerMinute") VALUES ('9836a4b1-f529-49da-9e0a-112e7a8bca7b', '464a147d-5f1d-4f07-b78e-7ab6d1f7642f', '39e2266e-142f-423a-89ea-7552735090ae', 10);

INSERT INTO "Recipe" ("Id", "Name", "MadeIn") VALUES ('2bd7f2cc-82d1-4292-83e4-bc95fc9f1306', 'Turbo Rifle Ammo', 5);
INSERT INTO "RecipeIngredient" ("Id", "RecipeId", "ProductionItemId", "RequiredPerMinute") VALUES ('aa763f07-3660-4895-9071-ee088cfd3565', '2bd7f2cc-82d1-4292-83e4-bc95fc9f1306', 'e7587e91-6cc1-4cd1-ae68-83a3e316915b', 125);
INSERT INTO "RecipeIngredient" ("Id", "RecipeId", "ProductionItemId", "RequiredPerMinute") VALUES ('a47c3dd7-1c97-4395-88d9-9fdd4ede0507', '2bd7f2cc-82d1-4292-83e4-bc95fc9f1306', '86053b5f-692d-4876-810b-b7eb32018a70', 15);
INSERT INTO "RecipeIngredient" ("Id", "RecipeId", "ProductionItemId", "RequiredPerMinute") VALUES ('5d69e62e-15bf-4500-b695-f0c3e79e10e3', '2bd7f2cc-82d1-4292-83e4-bc95fc9f1306', '6c057622-8b83-4798-a8fa-db1b6ba63a6b', 15);
INSERT INTO "RecipeResult" ("Id", "RecipeId", "ProductionItemId", "ProducedPerMinute") VALUES ('f29ffd45-eee4-43d0-ad02-5dc0372514c6', '2bd7f2cc-82d1-4292-83e4-bc95fc9f1306', '6176fa01-2796-4586-ad80-87d209baa416', 250);

INSERT INTO "Recipe" ("Id", "Name", "MadeIn") VALUES ('b41e5c30-abad-4f28-81ed-ab4ecfebd8cc', 'Nobelisk', 4);
INSERT INTO "RecipeIngredient" ("Id", "RecipeId", "ProductionItemId", "RequiredPerMinute") VALUES ('022f6f4f-1cb9-4744-8c0d-404625314457', 'b41e5c30-abad-4f28-81ed-ab4ecfebd8cc', '13119de9-ab33-4b98-b880-96ccf6b79aac', 20);
INSERT INTO "RecipeIngredient" ("Id", "RecipeId", "ProductionItemId", "RequiredPerMinute") VALUES ('820aeeb1-7eb2-48f6-9f41-67c48fa12644', 'b41e5c30-abad-4f28-81ed-ab4ecfebd8cc', 'be34591f-e6bf-49ac-a9b2-6d56a59422cf', 20);
INSERT INTO "RecipeResult" ("Id", "RecipeId", "ProductionItemId", "ProducedPerMinute") VALUES ('aec6f416-f939-45ae-a1ed-a44c98661624', 'b41e5c30-abad-4f28-81ed-ab4ecfebd8cc', 'ed397f68-c71c-486f-a116-ba861963e057', 10);

INSERT INTO "Recipe" ("Id", "Name", "MadeIn") VALUES ('8fe182e4-8f75-421a-bf02-42353f601dde', 'Gas Nobelisk', 4);
INSERT INTO "RecipeIngredient" ("Id", "RecipeId", "ProductionItemId", "RequiredPerMinute") VALUES ('5c3d9c57-c1b5-4be7-9c9d-ae696d07c40b', '8fe182e4-8f75-421a-bf02-42353f601dde', 'ed397f68-c71c-486f-a116-ba861963e057', 5);
INSERT INTO "RecipeIngredient" ("Id", "RecipeId", "ProductionItemId", "RequiredPerMinute") VALUES ('b970a48c-1004-46aa-b5fc-a051923a07b4', '8fe182e4-8f75-421a-bf02-42353f601dde', 'ee5135ef-995f-4a14-bd51-1d5b0b4eaa50', 50);
INSERT INTO "RecipeResult" ("Id", "RecipeId", "ProductionItemId", "ProducedPerMinute") VALUES ('e3088a01-1d06-4d45-87d9-289a5be21ef9', '8fe182e4-8f75-421a-bf02-42353f601dde', '434c653f-9eaa-420b-aa42-0e2a16632777', 5);

INSERT INTO "Recipe" ("Id", "Name", "MadeIn") VALUES ('810c0f9c-fafa-4195-b37c-3a4017b126ea', 'Pulse Nobelisk', 4);
INSERT INTO "RecipeIngredient" ("Id", "RecipeId", "ProductionItemId", "RequiredPerMinute") VALUES ('b421a188-789d-4cba-8aaf-e0e29065b43b', '810c0f9c-fafa-4195-b37c-3a4017b126ea', 'ed397f68-c71c-486f-a116-ba861963e057', 5);
INSERT INTO "RecipeIngredient" ("Id", "RecipeId", "ProductionItemId", "RequiredPerMinute") VALUES ('ea9070fd-fda0-4305-8063-608526b3e535', '810c0f9c-fafa-4195-b37c-3a4017b126ea', 'b0f00547-4ec9-47ec-a905-012809436bc5', 1);
INSERT INTO "RecipeResult" ("Id", "RecipeId", "ProductionItemId", "ProducedPerMinute") VALUES ('1d426130-d55b-4a75-9946-5dacf2ac4bb3', '810c0f9c-fafa-4195-b37c-3a4017b126ea', '9f766096-3c05-4a14-95bb-084712b1a9f5', 5);

INSERT INTO "Recipe" ("Id", "Name", "MadeIn") VALUES ('0b03e8f9-3479-4627-ac08-c9125b1dae16', 'Cluster Nobelisk', 4);
INSERT INTO "RecipeIngredient" ("Id", "RecipeId", "ProductionItemId", "RequiredPerMinute") VALUES ('6535edce-0a24-4082-aa15-86a1ab8cacb2', '0b03e8f9-3479-4627-ac08-c9125b1dae16', 'ed397f68-c71c-486f-a116-ba861963e057', 7.5);
INSERT INTO "RecipeIngredient" ("Id", "RecipeId", "ProductionItemId", "RequiredPerMinute") VALUES ('bde72241-7284-4936-bca3-4da7fade6cf9', '0b03e8f9-3479-4627-ac08-c9125b1dae16', '8376cafd-be62-481e-9d32-fef079136340', 10);
INSERT INTO "RecipeResult" ("Id", "RecipeId", "ProductionItemId", "ProducedPerMinute") VALUES ('90b233b8-9e11-4765-b0eb-10a7d4a8352d', '0b03e8f9-3479-4627-ac08-c9125b1dae16', '5769d7b4-40ec-482e-856f-91494e60aa54', 2.5);

INSERT INTO "Recipe" ("Id", "Name", "MadeIn") VALUES ('e27afaeb-ba0e-435b-927f-2005a395ddea', 'Nuke Nobelisk', 5);
INSERT INTO "RecipeIngredient" ("Id", "RecipeId", "ProductionItemId", "RequiredPerMinute") VALUES ('86534068-cb1c-43a6-a973-93cfd9e42ad0', 'e27afaeb-ba0e-435b-927f-2005a395ddea', 'ed397f68-c71c-486f-a116-ba861963e057', 2.5);
INSERT INTO "RecipeIngredient" ("Id", "RecipeId", "ProductionItemId", "RequiredPerMinute") VALUES ('e206948d-a0ff-4d56-a149-d71daeace72c', 'e27afaeb-ba0e-435b-927f-2005a395ddea', '7cd4bb4f-17d2-4ebc-bceb-fa3b28c79e3a', 10);
INSERT INTO "RecipeIngredient" ("Id", "RecipeId", "ProductionItemId", "RequiredPerMinute") VALUES ('6bc4e037-299a-47e2-bfc1-ca2afeb77433', 'e27afaeb-ba0e-435b-927f-2005a395ddea', '8376cafd-be62-481e-9d32-fef079136340', 5);
INSERT INTO "RecipeIngredient" ("Id", "RecipeId", "ProductionItemId", "RequiredPerMinute") VALUES ('099440b3-4690-45b8-9306-e0119bed5dbb', 'e27afaeb-ba0e-435b-927f-2005a395ddea', 'd99200f3-b141-4238-be9d-c9ec633fda7b', 3);
INSERT INTO "RecipeResult" ("Id", "RecipeId", "ProductionItemId", "ProducedPerMinute") VALUES ('d69d6579-0b62-4882-9f59-c25a7e7c9809', 'e27afaeb-ba0e-435b-927f-2005a395ddea', '6706b9d3-2285-41a6-b077-a70f2dd369a0', 0.5);

-- NUCLEAR RECIPES
INSERT INTO "Recipe" ("Id", "Name", "MadeIn") VALUES ('ee5a40ed-144e-4d7b-a662-a7b4c2a80f94', 'Electromagnetic Control Rod', 4);
INSERT INTO "RecipeIngredient" ("Id", "RecipeId", "ProductionItemId", "RequiredPerMinute") VALUES ('1ab48607-8ae9-4b4b-afb6-d54dd8471270', 'ee5a40ed-144e-4d7b-a662-a7b4c2a80f94', 'd7cac322-057a-41af-8ca0-28cb0ad221fc', 6);
INSERT INTO "RecipeIngredient" ("Id", "RecipeId", "ProductionItemId", "RequiredPerMinute") VALUES ('88b157c5-e380-4aef-a2e5-e8c33c79877d', 'ee5a40ed-144e-4d7b-a662-a7b4c2a80f94', 'd99200f3-b141-4238-be9d-c9ec633fda7b', 4);
INSERT INTO "RecipeResult" ("Id", "RecipeId", "ProductionItemId", "ProducedPerMinute") VALUES ('ae55b111-334c-4488-88e9-bbeae679fb89', 'ee5a40ed-144e-4d7b-a662-a7b4c2a80f94', '0005c281-6ac8-4c40-b6b0-b40c3cf14853', 4);

INSERT INTO "Recipe" ("Id", "Name", "MadeIn") VALUES ('eae7d4ea-d75b-4803-9c47-819c1e2f5843', 'Encased Uranium Cell', 8);
INSERT INTO "RecipeIngredient" ("Id", "RecipeId", "ProductionItemId", "RequiredPerMinute") VALUES ('82b6b8ec-6ad1-4eda-823c-b6e616030da6', 'eae7d4ea-d75b-4803-9c47-819c1e2f5843', '61797338-8b77-4a2f-8c67-bc3899b8a214', 50);
INSERT INTO "RecipeIngredient" ("Id", "RecipeId", "ProductionItemId", "RequiredPerMinute") VALUES ('8b6d839e-23d3-427a-b14f-6320b415c4d8', 'eae7d4ea-d75b-4803-9c47-819c1e2f5843', 'e9978ec3-b882-40cf-8e93-a94936e66029', 15);
INSERT INTO "RecipeIngredient" ("Id", "RecipeId", "ProductionItemId", "RequiredPerMinute") VALUES ('848f97a9-90e3-4739-ac1b-0b5fac89e208', 'eae7d4ea-d75b-4803-9c47-819c1e2f5843', 'ee513342-5416-42a3-9866-11f2cedf482d', 40);
INSERT INTO "RecipeResult" ("Id", "RecipeId", "ProductionItemId", "ProducedPerMinute") VALUES ('7c07faaa-5bac-42ba-be40-923f882ca8e2', 'eae7d4ea-d75b-4803-9c47-819c1e2f5843', '7cd4bb4f-17d2-4ebc-bceb-fa3b28c79e3a', 25);
INSERT INTO "RecipeResult" ("Id", "RecipeId", "ProductionItemId", "ProducedPerMinute") VALUES ('bf710b45-cc94-4334-b840-9f1373db6a41', 'eae7d4ea-d75b-4803-9c47-819c1e2f5843', 'ee513342-5416-42a3-9866-11f2cedf482d', 10);

INSERT INTO "Recipe" ("Id", "Name", "MadeIn") VALUES ('aaad9c56-4fd9-4424-93f4-289e5112eb90', 'Non-fissile Uranium', 8);
INSERT INTO "RecipeIngredient" ("Id", "RecipeId", "ProductionItemId", "RequiredPerMinute") VALUES ('278a9cc1-8890-4fb4-9818-cae06fd92408', 'aaad9c56-4fd9-4424-93f4-289e5112eb90', '7b175c54-6f00-4f33-bd65-5e58a770a05e', 37.5);
INSERT INTO "RecipeIngredient" ("Id", "RecipeId", "ProductionItemId", "RequiredPerMinute") VALUES ('f74a6e79-0ddc-49d3-a002-7a25cbc3413e', 'aaad9c56-4fd9-4424-93f4-289e5112eb90', 'cd229d3e-85da-4a02-b598-08dc76028222', 25);
INSERT INTO "RecipeIngredient" ("Id", "RecipeId", "ProductionItemId", "RequiredPerMinute") VALUES ('b2f05223-41ac-47cb-aaa3-f5ed38006a4e', 'aaad9c56-4fd9-4424-93f4-289e5112eb90', '2af11634-1e00-41bd-9051-86fb018cada4', 15);
INSERT INTO "RecipeIngredient" ("Id", "RecipeId", "ProductionItemId", "RequiredPerMinute") VALUES ('b1d4ebcf-33f7-4325-91ae-4470f5ae8ff1', 'aaad9c56-4fd9-4424-93f4-289e5112eb90', 'ee513342-5416-42a3-9866-11f2cedf482d', 15);
INSERT INTO "RecipeResult" ("Id", "RecipeId", "ProductionItemId", "ProducedPerMinute") VALUES ('3174f303-2b40-47c7-bfbc-676c05386eee', 'aaad9c56-4fd9-4424-93f4-289e5112eb90', '3067af4a-98ff-4595-9d59-997c80e26c58', 20);
INSERT INTO "RecipeResult" ("Id", "RecipeId", "ProductionItemId", "ProducedPerMinute") VALUES ('9875c5f7-89bb-4146-b5df-5ec504191100', 'aaad9c56-4fd9-4424-93f4-289e5112eb90', '0d2bbba9-8db0-4cdf-855a-dc1d9bb6bf7b', 15);

INSERT INTO "Recipe" ("Id", "Name", "MadeIn") VALUES ('e03686c8-8dd0-4120-a7c8-cf8a8492995b', 'Plutonium Pellet', 9);
INSERT INTO "RecipeIngredient" ("Id", "RecipeId", "ProductionItemId", "RequiredPerMinute") VALUES ('bc00d3e3-9ac2-46f1-a3b1-2af376d06ea6', 'e03686c8-8dd0-4120-a7c8-cf8a8492995b', '3067af4a-98ff-4595-9d59-997c80e26c58', 100);
INSERT INTO "RecipeIngredient" ("Id", "RecipeId", "ProductionItemId", "RequiredPerMinute") VALUES ('c263e330-6dd2-48bb-989b-fe79da657ca4', 'e03686c8-8dd0-4120-a7c8-cf8a8492995b', '7b175c54-6f00-4f33-bd65-5e58a770a05e', 25);
INSERT INTO "RecipeResult" ("Id", "RecipeId", "ProductionItemId", "ProducedPerMinute") VALUES ('b55f806f-2c15-45bc-8c80-65ef839d9414', 'e03686c8-8dd0-4120-a7c8-cf8a8492995b', '781ce7e2-5e4d-4b08-8a2c-91299560d2fb', 30);

INSERT INTO "Recipe" ("Id", "Name", "MadeIn") VALUES ('9eecef7a-c257-46ee-ad1e-e070c879130b', 'Encased Plutonium Cell', 4);
INSERT INTO "RecipeIngredient" ("Id", "RecipeId", "ProductionItemId", "RequiredPerMinute") VALUES ('6509703d-9a93-4e90-9935-49b4f6ba7fcb', '9eecef7a-c257-46ee-ad1e-e070c879130b', '781ce7e2-5e4d-4b08-8a2c-91299560d2fb', 10);
INSERT INTO "RecipeIngredient" ("Id", "RecipeId", "ProductionItemId", "RequiredPerMinute") VALUES ('e1612015-bd42-4c97-9b7f-0be16ae93ffa', '9eecef7a-c257-46ee-ad1e-e070c879130b', 'e9978ec3-b882-40cf-8e93-a94936e66029', 20);
INSERT INTO "RecipeResult" ("Id", "RecipeId", "ProductionItemId", "ProducedPerMinute") VALUES ('0236fcbe-1744-4a0f-bbb2-579598462a9e', '9eecef7a-c257-46ee-ad1e-e070c879130b', 'cf482502-902f-4f7a-b685-a8a8425d8a6a', 5);

-- WASTE RECIPES
INSERT INTO "Recipe" ("Id", "Name", "MadeIn") VALUES ('21923a7c-0441-48a1-9fe7-b0cb6f37a7a8', 'Uranium Waste', 10);
INSERT INTO "RecipeIngredient" ("Id", "RecipeId", "ProductionItemId", "RequiredPerMinute") VALUES ('bb80bf07-210e-4fab-86fc-a3337ff4cc9c', '21923a7c-0441-48a1-9fe7-b0cb6f37a7a8', 'e0464fff-2408-416d-83d8-791597028293', 0.2);
INSERT INTO "RecipeResult" ("Id", "RecipeId", "ProductionItemId", "ProducedPerMinute") VALUES ('14b07eaa-86c5-473b-8f42-5b1c9551ed41', '21923a7c-0441-48a1-9fe7-b0cb6f37a7a8', '7b175c54-6f00-4f33-bd65-5e58a770a05e', 10);

INSERT INTO "Recipe" ("Id", "Name", "MadeIn") VALUES ('73c9b2d5-5d91-4b2a-8233-720179894e32', 'Plutonium Waste', 10);
INSERT INTO "RecipeIngredient" ("Id", "RecipeId", "ProductionItemId", "RequiredPerMinute") VALUES ('9855c2af-1285-4781-b776-be9335aca966', '73c9b2d5-5d91-4b2a-8233-720179894e32', '3b4a9bef-b5cd-43f4-bf28-776210050aa8', 0.1);
INSERT INTO "RecipeResult" ("Id", "RecipeId", "ProductionItemId", "ProducedPerMinute") VALUES ('44c99bf3-1979-43c6-a106-df67690c5c77', '73c9b2d5-5d91-4b2a-8233-720179894e32', 'c2b4a4e7-d743-4263-805a-d53a224cf30b', 1);

-- SPECIAL RECIPES
INSERT INTO "Recipe" ("Id", "Name", "MadeIn") VALUES ('12d3cdc4-c811-4c1c-b104-5b07630ea638', 'Smart Plating', 4);
INSERT INTO "RecipeIngredient" ("Id", "RecipeId", "ProductionItemId", "RequiredPerMinute") VALUES ('6ed7ab48-0096-4fa1-b2ff-abfea35902eb', '12d3cdc4-c811-4c1c-b104-5b07630ea638', '30ec735b-10f7-4070-8668-0ce633b78686', 2);
INSERT INTO "RecipeIngredient" ("Id", "RecipeId", "ProductionItemId", "RequiredPerMinute") VALUES ('5886f353-e57b-4bee-b709-ddd9345d24fa', '12d3cdc4-c811-4c1c-b104-5b07630ea638', '7c63a989-5db7-4701-a259-e44f8d88803d', 2);
INSERT INTO "RecipeResult" ("Id", "RecipeId", "ProductionItemId", "ProducedPerMinute") VALUES ('011a5ad0-df3b-4f06-9b8d-dde6fbfd4bd9', '12d3cdc4-c811-4c1c-b104-5b07630ea638', 'b4fcb7e9-ffb7-4ccb-aa23-30f2d6006294', 2);

INSERT INTO "Recipe" ("Id", "Name", "MadeIn") VALUES ('b37fc17f-7f27-4917-8ea1-940b54cd3973', 'Versatile Framework', 4);
INSERT INTO "RecipeIngredient" ("Id", "RecipeId", "ProductionItemId", "RequiredPerMinute") VALUES ('813a1d6e-9eb4-444c-ab68-f297b824c06e', 'b37fc17f-7f27-4917-8ea1-940b54cd3973', '5ef1b273-a762-439b-aa60-50d9e4339544', 2.5);
INSERT INTO "RecipeIngredient" ("Id", "RecipeId", "ProductionItemId", "RequiredPerMinute") VALUES ('8342e421-1b59-4a61-b533-e21206b3085a', 'b37fc17f-7f27-4917-8ea1-940b54cd3973', 'ae0a493b-e348-48ee-858f-52fde2dad5a7', 30);
INSERT INTO "RecipeResult" ("Id", "RecipeId", "ProductionItemId", "ProducedPerMinute") VALUES ('b7d19478-5d5f-4a47-acaa-b53440aeb748', 'b37fc17f-7f27-4917-8ea1-940b54cd3973', '61b219a2-326e-4036-a4fb-2c89ad7e45e7', 5);

INSERT INTO "Recipe" ("Id", "Name", "MadeIn") VALUES ('874fa93a-f7fc-4af7-9ed8-e134c40b16b2', 'Automated Wiring', 4);
INSERT INTO "RecipeIngredient" ("Id", "RecipeId", "ProductionItemId", "RequiredPerMinute") VALUES ('2d8c724a-852c-42f8-ba5f-698c202c2a9d', '874fa93a-f7fc-4af7-9ed8-e134c40b16b2', 'd7cac322-057a-41af-8ca0-28cb0ad221fc', 2.5);
INSERT INTO "RecipeIngredient" ("Id", "RecipeId", "ProductionItemId", "RequiredPerMinute") VALUES ('b3cd0e1c-9ac5-4695-81a4-f731f441743b', '874fa93a-f7fc-4af7-9ed8-e134c40b16b2', '70fecdf3-c0f9-437f-8822-41bf0e9ff435', 50);
INSERT INTO "RecipeResult" ("Id", "RecipeId", "ProductionItemId", "ProducedPerMinute") VALUES ('d0cfbf3d-6772-4a6c-828e-358ef2b85993', '874fa93a-f7fc-4af7-9ed8-e134c40b16b2', 'cab1485d-6922-4a22-ac27-044ecf0899c1', 2.5);

INSERT INTO "Recipe" ("Id", "Name", "MadeIn") VALUES ('0bab1d76-602b-462b-b1b7-372f587dfb8b', 'Modular Engine', 5);
INSERT INTO "RecipeIngredient" ("Id", "RecipeId", "ProductionItemId", "RequiredPerMinute") VALUES ('d0481609-c129-4a9f-89fd-5772087560f3', '0bab1d76-602b-462b-b1b7-372f587dfb8b', '710b2676-395d-405b-b235-64fd1e1377d2', 2);
INSERT INTO "RecipeIngredient" ("Id", "RecipeId", "ProductionItemId", "RequiredPerMinute") VALUES ('f0270116-88e0-404f-9e4b-65132eaa1d20', '0bab1d76-602b-462b-b1b7-372f587dfb8b', 'd84628e4-c85e-4c84-a136-32441a40a89e', 15);
INSERT INTO "RecipeIngredient" ("Id", "RecipeId", "ProductionItemId", "RequiredPerMinute") VALUES ('96fba0bb-470d-4280-b4a7-33e2d14aa7de', '0bab1d76-602b-462b-b1b7-372f587dfb8b', 'b4fcb7e9-ffb7-4ccb-aa23-30f2d6006294', 2);
INSERT INTO "RecipeResult" ("Id", "RecipeId", "ProductionItemId", "ProducedPerMinute") VALUES ('9e65ebe9-5eb6-4ce5-84fb-9b2f0b574a73', '0bab1d76-602b-462b-b1b7-372f587dfb8b', '634259b1-9d3b-4aca-ac70-0eb7395274f8', 1);

INSERT INTO "Recipe" ("Id", "Name", "MadeIn") VALUES ('c4cff0a3-6c96-4767-91f7-19ef7fb9a2c5', 'Adaptive Control Unit', 5);
INSERT INTO "RecipeIngredient" ("Id", "RecipeId", "ProductionItemId", "RequiredPerMinute") VALUES ('8abd8bcc-bbb5-4b74-8e77-6dbf285f25d8', 'c4cff0a3-6c96-4767-91f7-19ef7fb9a2c5', 'cab1485d-6922-4a22-ac27-044ecf0899c1', 7.5);
INSERT INTO "RecipeIngredient" ("Id", "RecipeId", "ProductionItemId", "RequiredPerMinute") VALUES ('ff84dc7e-41e2-4f1c-947e-6b01c7b18f75', 'c4cff0a3-6c96-4767-91f7-19ef7fb9a2c5', '17666ba2-83ae-41f0-b021-bdd1187f9b6c', 5);
INSERT INTO "RecipeIngredient" ("Id", "RecipeId", "ProductionItemId", "RequiredPerMinute") VALUES ('62c75526-7e6f-441b-b391-220a93ab635f', 'c4cff0a3-6c96-4767-91f7-19ef7fb9a2c5', '91bc0af9-9330-4243-a733-263a7c491efc', 1);
INSERT INTO "RecipeIngredient" ("Id", "RecipeId", "ProductionItemId", "RequiredPerMinute") VALUES ('76300c28-0363-4d13-8dca-7925bfe45926', 'c4cff0a3-6c96-4767-91f7-19ef7fb9a2c5', '5dbe02d2-a6b0-4b05-94d9-8a559d058f85', 1);
INSERT INTO "RecipeResult" ("Id", "RecipeId", "ProductionItemId", "ProducedPerMinute") VALUES ('23b04793-5a56-4d49-95ef-32e68824d294', 'c4cff0a3-6c96-4767-91f7-19ef7fb9a2c5', '4f8c2c29-6ecf-4659-910e-afa9bbe6a828', 1);

INSERT INTO "Recipe" ("Id", "Name", "MadeIn") VALUES ('d607f1ae-0ef8-4e20-9798-211ffd7bd108', 'Assembly Director System', 4);
INSERT INTO "RecipeIngredient" ("Id", "RecipeId", "ProductionItemId", "RequiredPerMinute") VALUES ('1d007556-c6da-4e81-abc0-99f295279e77', 'd607f1ae-0ef8-4e20-9798-211ffd7bd108', '4f8c2c29-6ecf-4659-910e-afa9bbe6a828', 1.5);
INSERT INTO "RecipeIngredient" ("Id", "RecipeId", "ProductionItemId", "RequiredPerMinute") VALUES ('20eb2a6c-b7ea-4b47-8295-7683e8ea754b', 'd607f1ae-0ef8-4e20-9798-211ffd7bd108', '6adee73d-3b3e-4e2c-a4f5-34961bf26a74', 0.75);
INSERT INTO "RecipeResult" ("Id", "RecipeId", "ProductionItemId", "ProducedPerMinute") VALUES ('567affb4-299f-49de-9335-d106e70d379c', 'd607f1ae-0ef8-4e20-9798-211ffd7bd108', '21832e63-97c0-4ee5-88b9-a3cd1cce3be4', 0.75);

INSERT INTO "Recipe" ("Id", "Name", "MadeIn") VALUES ('edd013dd-8dc0-4c40-9a89-e924418046a6', 'Magnetic Field Generator', 5);
INSERT INTO "RecipeIngredient" ("Id", "RecipeId", "ProductionItemId", "RequiredPerMinute") VALUES ('cf311248-2694-4181-b020-a951a1f2a4b1', 'edd013dd-8dc0-4c40-9a89-e924418046a6', '61b219a2-326e-4036-a4fb-2c89ad7e45e7', 2.5);
INSERT INTO "RecipeIngredient" ("Id", "RecipeId", "ProductionItemId", "RequiredPerMinute") VALUES ('c284096b-6a85-4ec2-8b86-90542582beb1', 'edd013dd-8dc0-4c40-9a89-e924418046a6', '0005c281-6ac8-4c40-b6b0-b40c3cf14853', 1);
INSERT INTO "RecipeIngredient" ("Id", "RecipeId", "ProductionItemId", "RequiredPerMinute") VALUES ('b1c53744-a5d6-4d0f-afdc-cb8997b5ceab', 'edd013dd-8dc0-4c40-9a89-e924418046a6', 'e748aba0-b7fb-4ba1-ba98-65f81d2438dd', 5);
INSERT INTO "RecipeResult" ("Id", "RecipeId", "ProductionItemId", "ProducedPerMinute") VALUES ('6bc4bbe4-5682-4985-bcae-dd5b1af7c416', 'edd013dd-8dc0-4c40-9a89-e924418046a6', 'd9675bd6-9c70-4693-8d31-8c192a59d06a', 1);

INSERT INTO "Recipe" ("Id", "Name", "MadeIn") VALUES ('66077623-0355-485e-bb69-a381735c0ec5', 'Thermal Propulsion Rocket', 5);
INSERT INTO "RecipeIngredient" ("Id", "RecipeId", "ProductionItemId", "RequiredPerMinute") VALUES ('375ecd4c-eb8f-4216-8d96-e5ffecd361a9', '66077623-0355-485e-bb69-a381735c0ec5', '634259b1-9d3b-4aca-ac70-0eb7395274f8', 2.5);
INSERT INTO "RecipeIngredient" ("Id", "RecipeId", "ProductionItemId", "RequiredPerMinute") VALUES ('b70c7452-518e-4d9a-9dcb-aa38bfa710e2', '66077623-0355-485e-bb69-a381735c0ec5', '7256a374-b25b-4e2f-b042-252f5cbb7f09', 1);
INSERT INTO "RecipeIngredient" ("Id", "RecipeId", "ProductionItemId", "RequiredPerMinute") VALUES ('bdee79e0-4ffa-4e55-9896-162866dff9d5', '66077623-0355-485e-bb69-a381735c0ec5', 'ab3fb3b2-d551-4bb1-9bc3-86624a17d8a9', 3);
INSERT INTO "RecipeIngredient" ("Id", "RecipeId", "ProductionItemId", "RequiredPerMinute") VALUES ('96313ebc-ff70-4405-a382-846d4717d985', '66077623-0355-485e-bb69-a381735c0ec5', '780a0ead-b6fe-4c3e-8707-48321e18d43b', 1);
INSERT INTO "RecipeResult" ("Id", "RecipeId", "ProductionItemId", "ProducedPerMinute") VALUES ('3a9e8154-7fe0-4029-9212-515d4f6d2062', '66077623-0355-485e-bb69-a381735c0ec5', '0e80ae7b-0c8e-4eb5-aac3-a99da9036c63', 1);

INSERT INTO "Recipe" ("Id", "Name", "MadeIn") VALUES ('9f1fbca6-e70d-46e1-93b7-433053342e0d', 'Nuclear Pasta', 9);
INSERT INTO "RecipeIngredient" ("Id", "RecipeId", "ProductionItemId", "RequiredPerMinute") VALUES ('abf0cef8-84d9-46c2-873a-09e996d07491', '9f1fbca6-e70d-46e1-93b7-433053342e0d', 'ba4f6819-9f75-47c0-8504-c9fced1a9100', 100);
INSERT INTO "RecipeIngredient" ("Id", "RecipeId", "ProductionItemId", "RequiredPerMinute") VALUES ('bb81d57b-843a-47b1-a64c-39be71d3381a', '9f1fbca6-e70d-46e1-93b7-433053342e0d', 'caa19392-f375-4cb2-86cf-d74484cd62e4', 0.5);
INSERT INTO "RecipeResult" ("Id", "RecipeId", "ProductionItemId", "ProducedPerMinute") VALUES ('93ed2413-fada-47b0-9cc2-f41671fc8527', '9f1fbca6-e70d-46e1-93b7-433053342e0d', '88ebb5d6-9b40-46aa-9fe6-d21a125ede14', 0.5);

